<?xml version="1.0"?>
<!DOCTYPE HWINFO SYSTEM "HWiNFO32log.dtd">
<HWINFO>

<COMPUTER>
	<NodeName>AMRUTHA</NodeName>
		<IconIndex>19</IconIndex>

		<ScanTime>11.04.2023 16:02</ScanTime>
<SubNodes>

<BUS>
	<NodeName>Bus</NodeName>
		<IconIndex>14</IconIndex>

<SubNode>
	<NodeName>PCI Bus #0</NodeName>
<SubNode>
	<NodeName>Intel Whiskey Lake-U 4 - Host Bridge/DRAM Controller [V0]</NodeName>
		<Property>
			<Entry>Device Name</Entry>
			<Description>Intel Whiskey Lake-U 4 - Host Bridge/DRAM Controller [V0]</Description>
		</Property>
		<Property>
			<Entry>Original Device Name</Entry>
			<Description>Intel Whiskey Lake-U 4 - Host Bridge/DRAM Controller [V0]</Description>
		</Property>
		<Property>
			<Entry>Device Class</Entry>
			<Description>Host-to-PCI Bridge</Description>
		</Property>
		<Property>
			<Entry>Revision ID</Entry>
			<Description>C [V0]</Description>
		</Property>
		<Property>
			<Entry>PCI Address (Bus:Device:Function) Number</Entry>
			<Description>0:0:0</Description>
		</Property>
		<Property>
			<Entry>PCI Latency Timer</Entry>
			<Description>0</Description>
		</Property>
		<Property>
			<Entry>Hardware ID</Entry>
			<Description>PCI\VEN_8086&amp;DEV_3E34&amp;SUBSYS_8532103C&amp;REV_0C</Description>
		</Property>
		<Property>
			<Entry>Interrupt Line</Entry>
			<Description>N/A</Description>
		</Property>
		<Property>
			<Entry>Interrupt Pin</Entry>
			<Description>N/A</Description>
		</Property>
		<Property>
			<Entry>Bus Mastering</Entry>
			<Description>Enabled</Description>
		</Property>
		<Property>
			<Entry>Running At 66 MHz</Entry>
			<Description>Not Capable</Description>
		</Property>
		<Property>
			<Entry>Fast Back-to-Back Transactions</Entry>
			<Description>Capable</Description>
		</Property>
		<Property>
			<Entry>Driver Manufacturer</Entry>
			<Description>INTEL</Description>
		</Property>
		<Property>
			<Entry>Driver Description</Entry>
			<Description>Intel(R) Host Bridge/DRAM Registers - 3E34</Description>
		</Property>
		<Property>
			<Entry>Driver Provider</Entry>
			<Description>INTEL</Description>
		</Property>
		<Property>
			<Entry>Driver Version</Entry>
			<Description>10.1.14.8</Description>
		</Property>
		<Property>
			<Entry>DeviceInstanceId</Entry>
			<Description>PCI\VEN_8086&amp;DEV_3E34&amp;SUBSYS_8532103C&amp;REV_0C\3&amp;11583659&amp;2&amp;00</Description>
			<PropertyType>DeviceInstanceId</PropertyType>
		</Property>
		<Property>
			<Entry>Location Paths</Entry>
			<Description>PCIROOT(0)#PCI(0000)</Description>
		</Property>
</SubNode>
<SubNode>
	<NodeName>Intel UHD Graphics 620 (Whiskey Lake-U GT2)</NodeName>
		<Property>
			<Entry>Device Name</Entry>
			<Description>Intel UHD Graphics 620 (Whiskey Lake-U GT2)</Description>
		</Property>
		<Property>
			<Entry>Original Device Name</Entry>
			<Description>Intel UHD Graphics 620 (Whiskey Lake-U GT2)</Description>
		</Property>
		<Property>
			<Entry>Device Class</Entry>
			<Description>VGA Compatible Adapter</Description>
		</Property>
		<Property>
			<Entry>Revision ID</Entry>
			<Description>2</Description>
		</Property>
		<Property>
			<Entry>PCI Address (Bus:Device:Function) Number</Entry>
			<Description>0:2:0</Description>
		</Property>
		<Property>
			<Entry>PCI Latency Timer</Entry>
			<Description>0</Description>
		</Property>
		<Property>
			<Entry>Hardware ID</Entry>
			<Description>PCI\VEN_8086&amp;DEV_3EA0&amp;SUBSYS_8532103C&amp;REV_02</Description>
		</Property>
		<Property>
			<Entry>Version</Entry>
			<Description>2.0</Description>
		</Property>
		<Property>
			<Entry>Current Link Width</Entry>
			<Description>Not negotiated</Description>
		</Property>
		<Property>
			<Entry>Maximum Link Speed</Entry>
			<Description>5.0 GT/s</Description>
		</Property>
		<Property>
			<Entry>Device/Port Type</Entry>
			<Description>Root Complex Integrated Endpoint</Description>
		</Property>
		<Property>
			<Entry>Slot Implemented</Entry>
			<Description>No</Description>
		</Property>
		<Property>
			<Entry>Emergency Power Reduction</Entry>
			<Description>Not Supported</Description>
		</Property>
		<Property>
			<Entry>Active State Power Management (ASPM) Support</Entry>
			<Description>None</Description>
		</Property>
		<Property>
			<Entry>Active State Power Management (ASPM) Status</Entry>
			<Description>Disabled</Description>
		</Property>
		<Property>
			<Entry>L0s Exit Latency</Entry>
			<Description>&lt; 64 ns</Description>
		</Property>
		<Property>
			<Entry>L1 Exit Latency</Entry>
			<Description>&lt; 1 us</Description>
		</Property>
		<Property>
			<Entry>Maximum Payload Size Supported</Entry>
			<Description>128 bytes</Description>
		</Property>
		<Property>
			<Entry>Maximum Payload Size</Entry>
			<Description>128 bytes</Description>
		</Property>
		<Property>
			<Entry>Resizable BAR Support</Entry>
			<Description>Not Supported</Description>
		</Property>
		<Property>
			<Entry>Interrupt Line</Entry>
			<Description>N/A</Description>
		</Property>
		<Property>
			<Entry>Interrupt Pin</Entry>
			<Description>INTA#</Description>
		</Property>
		<Property>
			<Entry>Memory Base Address 0</Entry>
			<Description>A0000000</Description>
		</Property>
		<Property>
			<Entry>Memory Base Address 2</Entry>
			<Description>80000000</Description>
		</Property>
		<Property>
			<Entry>I/O Base Address 4</Entry>
			<Description>5000</Description>
		</Property>
		<Property>
			<Entry>Bus Mastering</Entry>
			<Description>Enabled</Description>
		</Property>
		<Property>
			<Entry>Running At 66 MHz</Entry>
			<Description>Not Capable</Description>
		</Property>
		<Property>
			<Entry>Fast Back-to-Back Transactions</Entry>
			<Description>Not Capable</Description>
		</Property>
		<Property>
			<Entry>Driver Manufacturer</Entry>
			<Description>Intel Corporation</Description>
		</Property>
		<Property>
			<Entry>Driver Description</Entry>
			<Description>Intel(R) UHD Graphics 620</Description>
		</Property>
		<Property>
			<Entry>Driver Provider</Entry>
			<Description>Intel Corporation</Description>
		</Property>
		<Property>
			<Entry>Driver Version</Entry>
			<Description>27.20.100.8935</Description>
		</Property>
		<Property>
			<Entry>Driver Date</Entry>
			<Description>28-Oct-2020</Description>
		</Property>
		<Property>
			<Entry>DCH/UWD Driver</Entry>
			<Description>Capable</Description>
		</Property>
		<Property>
			<Entry>DeviceInstanceId</Entry>
			<Description>PCI\VEN_8086&amp;DEV_3EA0&amp;SUBSYS_8532103C&amp;REV_02\3&amp;11583659&amp;2&amp;10</Description>
			<PropertyType>DeviceInstanceId</PropertyType>
		</Property>
		<Property>
			<Entry>Location Paths</Entry>
			<Description>PCIROOT(0)#PCI(0200)</Description>
		</Property>
</SubNode>
<SubNode>
	<NodeName>Intel Skylake/Kaby Lake/Coffee Lake/Whiskey Lake - Dynamic Platform &amp; Thermal Framework Processor Participant</NodeName>
		<Property>
			<Entry>Device Name</Entry>
			<Description>Intel Skylake/Kaby Lake/Coffee Lake/Whiskey Lake - Dynamic Platform &amp; Thermal Framework Processor Participant</Description>
		</Property>
		<Property>
			<Entry>Original Device Name</Entry>
			<Description>Intel Skylake/Kaby Lake/Coffee Lake/Whiskey Lake - Dynamic Platform &amp; Thermal Framework Processor Participant</Description>
		</Property>
		<Property>
			<Entry>Device Class</Entry>
			<Description>Other Data Acquisition/Signal Processing Controller</Description>
		</Property>
		<Property>
			<Entry>Revision ID</Entry>
			<Description>C</Description>
		</Property>
		<Property>
			<Entry>PCI Address (Bus:Device:Function) Number</Entry>
			<Description>0:4:0</Description>
		</Property>
		<Property>
			<Entry>PCI Latency Timer</Entry>
			<Description>0</Description>
		</Property>
		<Property>
			<Entry>Hardware ID</Entry>
			<Description>PCI\VEN_8086&amp;DEV_1903&amp;SUBSYS_8532103C&amp;REV_0C</Description>
		</Property>
		<Property>
			<Entry>Interrupt Line</Entry>
			<Description>IRQ16</Description>
		</Property>
		<Property>
			<Entry>Interrupt Pin</Entry>
			<Description>INTA#</Description>
		</Property>
		<Property>
			<Entry>Memory Base Address 0</Entry>
			<Description>A1310000</Description>
		</Property>
		<Property>
			<Entry>Bus Mastering</Entry>
			<Description>Enabled</Description>
		</Property>
		<Property>
			<Entry>Running At 66 MHz</Entry>
			<Description>Not Capable</Description>
		</Property>
		<Property>
			<Entry>Fast Back-to-Back Transactions</Entry>
			<Description>Capable</Description>
		</Property>
		<Property>
			<Entry>Driver Manufacturer</Entry>
			<Description>Intel</Description>
		</Property>
		<Property>
			<Entry>Driver Description</Entry>
			<Description>Intel(R) Dynamic Tuning Processor Participant</Description>
		</Property>
		<Property>
			<Entry>Driver Provider</Entry>
			<Description>Intel</Description>
		</Property>
		<Property>
			<Entry>Driver Version</Entry>
			<Description>8.7.10201.13396</Description>
		</Property>
		<Property>
			<Entry>Driver Date</Entry>
			<Description>21-Jan-2020</Description>
		</Property>
		<Property>
			<Entry>DeviceInstanceId</Entry>
			<Description>PCI\VEN_8086&amp;DEV_1903&amp;SUBSYS_8532103C&amp;REV_0C\3&amp;11583659&amp;2&amp;20</Description>
			<PropertyType>DeviceInstanceId</PropertyType>
		</Property>
		<Property>
			<Entry>Location Paths</Entry>
			<Description>PCIROOT(0)#PCI(0400)</Description>
		</Property>
</SubNode>
<SubNode>
	<NodeName>Intel Skylake/Kaby Lake/Coffee Lake/Whiskey Lake - Gaussian Mixture Model</NodeName>
		<Property>
			<Entry>Device Name</Entry>
			<Description>Intel Skylake/Kaby Lake/Coffee Lake/Whiskey Lake - Gaussian Mixture Model</Description>
		</Property>
		<Property>
			<Entry>Original Device Name</Entry>
			<Description>Intel Skylake/Kaby Lake/Coffee Lake/Whiskey Lake - Gaussian Mixture Model</Description>
		</Property>
		<Property>
			<Entry>Device Class</Entry>
			<Description>Unknown Peripheral Device</Description>
		</Property>
		<Property>
			<Entry>Revision ID</Entry>
			<Description>0</Description>
		</Property>
		<Property>
			<Entry>PCI Address (Bus:Device:Function) Number</Entry>
			<Description>0:8:0</Description>
		</Property>
		<Property>
			<Entry>PCI Latency Timer</Entry>
			<Description>0</Description>
		</Property>
		<Property>
			<Entry>Hardware ID</Entry>
			<Description>PCI\VEN_8086&amp;DEV_1911&amp;SUBSYS_8532103C&amp;REV_00</Description>
		</Property>
		<Property>
			<Entry>Interrupt Line</Entry>
			<Description>N/A</Description>
		</Property>
		<Property>
			<Entry>Interrupt Pin</Entry>
			<Description>INTA#</Description>
		</Property>
		<Property>
			<Entry>Memory Base Address 0</Entry>
			<Description>A1320000</Description>
		</Property>
		<Property>
			<Entry>Bus Mastering</Entry>
			<Description>Enabled</Description>
		</Property>
		<Property>
			<Entry>Running At 66 MHz</Entry>
			<Description>Not Capable</Description>
		</Property>
		<Property>
			<Entry>Fast Back-to-Back Transactions</Entry>
			<Description>Not Capable</Description>
		</Property>
		<Property>
			<Entry>Driver Manufacturer</Entry>
			<Description>INTEL</Description>
		</Property>
		<Property>
			<Entry>Driver Description</Entry>
			<Description>Intel(R) Gaussian Mixture Model - 1911</Description>
		</Property>
		<Property>
			<Entry>Driver Provider</Entry>
			<Description>INTEL</Description>
		</Property>
		<Property>
			<Entry>Driver Version</Entry>
			<Description>10.1.7.3</Description>
		</Property>
		<Property>
			<Entry>DeviceInstanceId</Entry>
			<Description>PCI\VEN_8086&amp;DEV_1911&amp;SUBSYS_8532103C&amp;REV_00\3&amp;11583659&amp;2&amp;40</Description>
			<PropertyType>DeviceInstanceId</PropertyType>
		</Property>
		<Property>
			<Entry>Location Paths</Entry>
			<Description>PCIROOT(0)#PCI(0800)</Description>
		</Property>
</SubNode>
<SubNode>
	<NodeName>Intel Cannon Lake-LP - Thermal Subsystem [D0]</NodeName>
		<Property>
			<Entry>Device Name</Entry>
			<Description>Intel Cannon Lake-LP - Thermal Subsystem [D0]</Description>
		</Property>
		<Property>
			<Entry>Original Device Name</Entry>
			<Description>Intel Cannon Lake-LP - Thermal Subsystem [D0]</Description>
		</Property>
		<Property>
			<Entry>Device Class</Entry>
			<Description>Other Data Acquisition/Signal Processing Controller</Description>
		</Property>
		<Property>
			<Entry>Revision ID</Entry>
			<Description>30 [D0]</Description>
		</Property>
		<Property>
			<Entry>PCI Address (Bus:Device:Function) Number</Entry>
			<Description>0:18:0</Description>
		</Property>
		<Property>
			<Entry>PCI Latency Timer</Entry>
			<Description>0</Description>
		</Property>
		<Property>
			<Entry>Hardware ID</Entry>
			<Description>PCI\VEN_8086&amp;DEV_9DF9&amp;SUBSYS_8532103C&amp;REV_30</Description>
		</Property>
		<Property>
			<Entry>Interrupt Line</Entry>
			<Description>N/A</Description>
		</Property>
		<Property>
			<Entry>Interrupt Pin</Entry>
			<Description>INTA#</Description>
		</Property>
		<Property>
			<Entry>Memory Base Address 0</Entry>
			<Description>A1321000</Description>
		</Property>
		<Property>
			<Entry>Bus Mastering</Entry>
			<Description>Enabled</Description>
		</Property>
		<Property>
			<Entry>Running At 66 MHz</Entry>
			<Description>Not Capable</Description>
		</Property>
		<Property>
			<Entry>Fast Back-to-Back Transactions</Entry>
			<Description>Not Capable</Description>
		</Property>
		<Property>
			<Entry>Driver Manufacturer</Entry>
			<Description>INTEL</Description>
		</Property>
		<Property>
			<Entry>Driver Description</Entry>
			<Description>Intel(R) Thermal Subsystem - 9DF9</Description>
		</Property>
		<Property>
			<Entry>Driver Provider</Entry>
			<Description>INTEL</Description>
		</Property>
		<Property>
			<Entry>Driver Version</Entry>
			<Description>10.1.15.6</Description>
		</Property>
		<Property>
			<Entry>DeviceInstanceId</Entry>
			<Description>PCI\VEN_8086&amp;DEV_9DF9&amp;SUBSYS_8532103C&amp;REV_30\3&amp;11583659&amp;2&amp;90</Description>
			<PropertyType>DeviceInstanceId</PropertyType>
		</Property>
		<Property>
			<Entry>Location Paths</Entry>
			<Description>PCIROOT(0)#PCI(1200)</Description>
		</Property>
</SubNode>
<SubNode>
	<NodeName>Intel Cannon Lake-LP - USB 3.1 xHCI Host Controller [D0]</NodeName>
		<Property>
			<Entry>Device Name</Entry>
			<Description>Intel Cannon Lake-LP - USB 3.1 xHCI Host Controller [D0]</Description>
		</Property>
		<Property>
			<Entry>Original Device Name</Entry>
			<Description>Intel Cannon Lake-LP - USB 3.1 xHCI Host Controller [D0]</Description>
		</Property>
		<Property>
			<Entry>Device Class</Entry>
			<Description>USB xHCI Controller</Description>
		</Property>
		<Property>
			<Entry>Revision ID</Entry>
			<Description>30 [D0]</Description>
		</Property>
		<Property>
			<Entry>PCI Address (Bus:Device:Function) Number</Entry>
			<Description>0:20:0</Description>
		</Property>
		<Property>
			<Entry>PCI Latency Timer</Entry>
			<Description>0</Description>
		</Property>
		<Property>
			<Entry>Hardware ID</Entry>
			<Description>PCI\VEN_8086&amp;DEV_9DED&amp;SUBSYS_8532103C&amp;REV_30</Description>
		</Property>
		<Property>
			<Entry>Interrupt Line</Entry>
			<Description>N/A</Description>
		</Property>
		<Property>
			<Entry>Interrupt Pin</Entry>
			<Description>INTA#</Description>
		</Property>
		<Property>
			<Entry>Memory Base Address 0</Entry>
			<Description>A1300000</Description>
		</Property>
		<Property>
			<Entry>Bus Mastering</Entry>
			<Description>Enabled</Description>
		</Property>
		<Property>
			<Entry>Running At 66 MHz</Entry>
			<Description>Not Capable</Description>
		</Property>
		<Property>
			<Entry>Fast Back-to-Back Transactions</Entry>
			<Description>Capable</Description>
		</Property>
		<Property>
			<Entry>Driver Manufacturer</Entry>
			<Description>Generic USB xHCI Host Controller</Description>
		</Property>
		<Property>
			<Entry>Driver Description</Entry>
			<Description>USB xHCI Compliant Host Controller</Description>
		</Property>
		<Property>
			<Entry>Driver Provider</Entry>
			<Description>Microsoft</Description>
		</Property>
		<Property>
			<Entry>Driver Version</Entry>
			<Description>10.0.22621.1194</Description>
		</Property>
		<Property>
			<Entry>Driver Date</Entry>
			<Description>19-Jan-2023</Description>
		</Property>
		<Property>
			<Entry>DeviceInstanceId</Entry>
			<Description>PCI\VEN_8086&amp;DEV_9DED&amp;SUBSYS_8532103C&amp;REV_30\3&amp;11583659&amp;2&amp;A0</Description>
			<PropertyType>DeviceInstanceId</PropertyType>
		</Property>
		<Property>
			<Entry>Location Paths</Entry>
			<Description>PCIROOT(0)#PCI(1400)</Description>
		</Property>
</SubNode>
<SubNode>
	<NodeName>Intel Cannon Lake-LP - Shared SRAM [D0]</NodeName>
		<Property>
			<Entry>Device Name</Entry>
			<Description>Intel Cannon Lake-LP - Shared SRAM [D0]</Description>
		</Property>
		<Property>
			<Entry>Original Device Name</Entry>
			<Description>Intel Cannon Lake-LP - Shared SRAM [D0]</Description>
		</Property>
		<Property>
			<Entry>Device Class</Entry>
			<Description>RAM/Memory Controller</Description>
		</Property>
		<Property>
			<Entry>Revision ID</Entry>
			<Description>30 [D0]</Description>
		</Property>
		<Property>
			<Entry>PCI Address (Bus:Device:Function) Number</Entry>
			<Description>0:20:2</Description>
		</Property>
		<Property>
			<Entry>PCI Latency Timer</Entry>
			<Description>0</Description>
		</Property>
		<Property>
			<Entry>Hardware ID</Entry>
			<Description>PCI\VEN_8086&amp;DEV_9DEF&amp;SUBSYS_8532103C&amp;REV_30</Description>
		</Property>
		<Property>
			<Entry>Interrupt Line</Entry>
			<Description>N/A</Description>
		</Property>
		<Property>
			<Entry>Interrupt Pin</Entry>
			<Description>N/A</Description>
		</Property>
		<Property>
			<Entry>Memory Base Address 0</Entry>
			<Description>A131C000</Description>
		</Property>
		<Property>
			<Entry>Memory Base Address 2</Entry>
			<Description>A1322000</Description>
		</Property>
		<Property>
			<Entry>Bus Mastering</Entry>
			<Description>Enabled</Description>
		</Property>
		<Property>
			<Entry>Running At 66 MHz</Entry>
			<Description>Not Capable</Description>
		</Property>
		<Property>
			<Entry>Fast Back-to-Back Transactions</Entry>
			<Description>Not Capable</Description>
		</Property>
		<Property>
			<Entry>Driver Manufacturer</Entry>
			<Description>(Standard system devices)</Description>
		</Property>
		<Property>
			<Entry>Driver Description</Entry>
			<Description>PCI standard RAM Controller</Description>
		</Property>
		<Property>
			<Entry>Driver Provider</Entry>
			<Description>Microsoft</Description>
		</Property>
		<Property>
			<Entry>Driver Version</Entry>
			<Description>10.0.22621.1</Description>
		</Property>
		<Property>
			<Entry>Driver Date</Entry>
			<Description>21-Jun-2006</Description>
		</Property>
		<Property>
			<Entry>DeviceInstanceId</Entry>
			<Description>PCI\VEN_8086&amp;DEV_9DEF&amp;SUBSYS_8532103C&amp;REV_30\3&amp;11583659&amp;2&amp;A2</Description>
			<PropertyType>DeviceInstanceId</PropertyType>
		</Property>
		<Property>
			<Entry>Location Paths</Entry>
			<Description>PCIROOT(0)#PCI(1402)</Description>
		</Property>
</SubNode>
<SubNode>
	<NodeName>Intel Cannon Lake-LP - HECI #1 [D0]</NodeName>
		<Property>
			<Entry>Device Name</Entry>
			<Description>Intel Cannon Lake-LP - HECI #1 [D0]</Description>
		</Property>
		<Property>
			<Entry>Original Device Name</Entry>
			<Description>Intel Cannon Lake-LP - HECI #1 [D0]</Description>
		</Property>
		<Property>
			<Entry>Device Class</Entry>
			<Description>Other Communication Device</Description>
		</Property>
		<Property>
			<Entry>Revision ID</Entry>
			<Description>30 [D0]</Description>
		</Property>
		<Property>
			<Entry>PCI Address (Bus:Device:Function) Number</Entry>
			<Description>0:22:0</Description>
		</Property>
		<Property>
			<Entry>PCI Latency Timer</Entry>
			<Description>0</Description>
		</Property>
		<Property>
			<Entry>Hardware ID</Entry>
			<Description>PCI\VEN_8086&amp;DEV_9DE0&amp;SUBSYS_8532103C&amp;REV_30</Description>
		</Property>
		<Property>
			<Entry>Interrupt Line</Entry>
			<Description>N/A</Description>
		</Property>
		<Property>
			<Entry>Interrupt Pin</Entry>
			<Description>INTA#</Description>
		</Property>
		<Property>
			<Entry>Memory Base Address 0</Entry>
			<Description>FE0FB000</Description>
		</Property>
		<Property>
			<Entry>Bus Mastering</Entry>
			<Description>Enabled</Description>
		</Property>
		<Property>
			<Entry>Running At 66 MHz</Entry>
			<Description>Not Capable</Description>
		</Property>
		<Property>
			<Entry>Fast Back-to-Back Transactions</Entry>
			<Description>Not Capable</Description>
		</Property>
		<Property>
			<Entry>Driver Manufacturer</Entry>
			<Description>Intel</Description>
		</Property>
		<Property>
			<Entry>Driver Description</Entry>
			<Description>Intel(R) Management Engine Interface #1</Description>
		</Property>
		<Property>
			<Entry>Driver Provider</Entry>
			<Description>Intel</Description>
		</Property>
		<Property>
			<Entry>Driver Version</Entry>
			<Description>2036.100.0.1024</Description>
		</Property>
		<Property>
			<Entry>Driver Date</Entry>
			<Description>30-Aug-2020</Description>
		</Property>
		<Property>
			<Entry>DeviceInstanceId</Entry>
			<Description>PCI\VEN_8086&amp;DEV_9DE0&amp;SUBSYS_8532103C&amp;REV_30\3&amp;11583659&amp;2&amp;B0</Description>
			<PropertyType>DeviceInstanceId</PropertyType>
		</Property>
		<Property>
			<Entry>Location Paths</Entry>
			<Description>PCIROOT(0)#PCI(1600)</Description>
		</Property>
</SubNode>
<SubNode>
	<NodeName>Intel HM170/QM170 PCH - SATA RAID (RST) Controller [D0]</NodeName>
		<Property>
			<Entry>Device Name</Entry>
			<Description>Intel HM170/QM170 PCH - SATA RAID (RST) Controller [D0]</Description>
		</Property>
		<Property>
			<Entry>Original Device Name</Entry>
			<Description>Intel HM170/QM170 PCH - SATA RAID (RST) Controller [D0]</Description>
		</Property>
		<Property>
			<Entry>Device Class</Entry>
			<Description>RAID controller</Description>
		</Property>
		<Property>
			<Entry>Revision ID</Entry>
			<Description>30 [D0]</Description>
		</Property>
		<Property>
			<Entry>PCI Address (Bus:Device:Function) Number</Entry>
			<Description>0:23:0</Description>
		</Property>
		<Property>
			<Entry>PCI Latency Timer</Entry>
			<Description>0</Description>
		</Property>
		<Property>
			<Entry>Hardware ID</Entry>
			<Description>PCI\VEN_8086&amp;DEV_282A&amp;SUBSYS_8532103C&amp;REV_30</Description>
		</Property>
		<Property>
			<Entry>Interrupt Line</Entry>
			<Description>N/A</Description>
		</Property>
		<Property>
			<Entry>Interrupt Pin</Entry>
			<Description>INTA#</Description>
		</Property>
		<Property>
			<Entry>Memory Base Address 0</Entry>
			<Description>A131E000</Description>
		</Property>
		<Property>
			<Entry>Memory Base Address 1</Entry>
			<Description>A1327000</Description>
		</Property>
		<Property>
			<Entry>I/O Base Address 2</Entry>
			<Description>5080</Description>
		</Property>
		<Property>
			<Entry>I/O Base Address 3</Entry>
			<Description>5088</Description>
		</Property>
		<Property>
			<Entry>I/O Base Address 4</Entry>
			<Description>5060</Description>
		</Property>
		<Property>
			<Entry>Memory Base Address 5</Entry>
			<Description>A1326000</Description>
		</Property>
		<Property>
			<Entry>Bus Mastering</Entry>
			<Description>Enabled</Description>
		</Property>
		<Property>
			<Entry>Running At 66 MHz</Entry>
			<Description>Capable</Description>
		</Property>
		<Property>
			<Entry>Fast Back-to-Back Transactions</Entry>
			<Description>Capable</Description>
		</Property>
		<Property>
			<Entry>Driver Manufacturer</Entry>
			<Description>Intel Corporation</Description>
		</Property>
		<Property>
			<Entry>Driver Description</Entry>
			<Description>Intel(R) Chipset SATA/PCIe RST Premium Controller</Description>
		</Property>
		<Property>
			<Entry>Driver Provider</Entry>
			<Description>Intel Corporation</Description>
		</Property>
		<Property>
			<Entry>Driver Version</Entry>
			<Description>17.11.0.1000</Description>
		</Property>
		<Property>
			<Entry>Driver Date</Entry>
			<Description>30-Sep-2021</Description>
		</Property>
		<Property>
			<Entry>DeviceInstanceId</Entry>
			<Description>PCI\VEN_8086&amp;DEV_282A&amp;SUBSYS_8532103C&amp;REV_30\3&amp;11583659&amp;2&amp;B8</Description>
			<PropertyType>DeviceInstanceId</PropertyType>
		</Property>
		<Property>
			<Entry>Location Paths</Entry>
			<Description>PCIROOT(0)#PCI(1700)</Description>
		</Property>
</SubNode>
<SubNode>
	<NodeName>Intel Cannon Lake-LP - PCI Express Root Port #9 [A0/D0]</NodeName>
		<Property>
			<Entry>Device Name</Entry>
			<Description>Intel Cannon Lake-LP - PCI Express Root Port #9 [A0/D0]</Description>
		</Property>
		<Property>
			<Entry>Original Device Name</Entry>
			<Description>Intel Cannon Lake-LP - PCI Express Root Port #9 [A0/D0]</Description>
		</Property>
		<Property>
			<Entry>Device Class</Entry>
			<Description>PCI-to-PCI Bridge</Description>
		</Property>
		<Property>
			<Entry>Revision ID</Entry>
			<Description>F0 [A0/D0]</Description>
		</Property>
		<Property>
			<Entry>PCI Address (Bus:Device:Function) Number</Entry>
			<Description>0:29:0</Description>
		</Property>
		<Property>
			<Entry>PCI Latency Timer</Entry>
			<Description>0</Description>
		</Property>
		<Property>
			<Entry>Hardware ID</Entry>
			<Description>PCI\VEN_8086&amp;DEV_9DB0&amp;SUBSYS_00000000&amp;REV_F0</Description>
		</Property>
		<Property>
			<Entry>Version</Entry>
			<Description>3.0</Description>
		</Property>
		<Property>
			<Entry>Maximum Link Width</Entry>
			<Description>1x</Description>
		</Property>
		<Property>
			<Entry>Current Link Width</Entry>
			<Description>1x</Description>
		</Property>
		<Property>
			<Entry>Maximum Link Speed</Entry>
			<Description>8.0 GT/s</Description>
		</Property>
		<Property>
			<Entry>Current Link Speed</Entry>
			<Description>2.5 GT/s</Description>
		</Property>
		<Property>
			<Entry>Device/Port Type</Entry>
			<Description>Root Port of PCI Express Root Complex</Description>
		</Property>
		<Property>
			<Entry>Slot Implemented</Entry>
			<Description>Yes</Description>
		</Property>
		<Property>
			<Entry>Hot-Plug</Entry>
			<Description>Not Capable</Description>
		</Property>
		<Property>
			<Entry>Hot-Plug Surprise</Entry>
			<Description>Not Capable</Description>
		</Property>
		<Property>
			<Entry>Slot Power Limit</Entry>
			<Description>10.000 W</Description>
		</Property>
		<Property>
			<Entry>Emergency Power Reduction</Entry>
			<Description>Not Supported</Description>
		</Property>
		<Property>
			<Entry>Active State Power Management (ASPM) Support</Entry>
			<Description>L0s and L1</Description>
		</Property>
		<Property>
			<Entry>Active State Power Management (ASPM) Status</Entry>
			<Description>L1 Entry</Description>
		</Property>
		<Property>
			<Entry>L0s Exit Latency</Entry>
			<Description>512 ns - 1 us</Description>
		</Property>
		<Property>
			<Entry>L1 Exit Latency</Entry>
			<Description>8 - 16 us</Description>
		</Property>
		<Property>
			<Entry>Maximum Payload Size Supported</Entry>
			<Description>256 bytes</Description>
		</Property>
		<Property>
			<Entry>Maximum Payload Size</Entry>
			<Description>128 bytes</Description>
		</Property>
		<Property>
			<Entry>Resizable BAR Support</Entry>
			<Description>Not Supported</Description>
		</Property>
		<Property>
			<Entry>Interrupt Line</Entry>
			<Description>N/A</Description>
		</Property>
		<Property>
			<Entry>Interrupt Pin</Entry>
			<Description>INTA#</Description>
		</Property>
		<Property>
			<Entry>Bus Mastering</Entry>
			<Description>Enabled</Description>
		</Property>
		<Property>
			<Entry>Running At 66 MHz</Entry>
			<Description>Not Capable</Description>
		</Property>
		<Property>
			<Entry>Fast Back-to-Back Transactions</Entry>
			<Description>Not Capable</Description>
		</Property>
		<Property>
			<Entry>Driver Manufacturer</Entry>
			<Description>INTEL</Description>
		</Property>
		<Property>
			<Entry>Driver Description</Entry>
			<Description>Intel(R) PCI Express Root Port #9 - 9DB0</Description>
		</Property>
		<Property>
			<Entry>Driver Provider</Entry>
			<Description>INTEL</Description>
		</Property>
		<Property>
			<Entry>Driver Version</Entry>
			<Description>10.1.15.6</Description>
		</Property>
		<Property>
			<Entry>DeviceInstanceId</Entry>
			<Description>PCI\VEN_8086&amp;DEV_9DB0&amp;SUBSYS_8532103C&amp;REV_F0\3&amp;11583659&amp;2&amp;E8</Description>
			<PropertyType>DeviceInstanceId</PropertyType>
		</Property>
		<Property>
			<Entry>Location Paths</Entry>
			<Description>PCIROOT(0)#PCI(1D00)</Description>
		</Property>
<SubNode>
	<NodeName>PCI Express x1 Bus #1 [M.2 SSD]</NodeName>
<SubNode>
	<NodeName>RealTek Semiconductor RTL8168/8111 PCI-E Gigabit Ethernet NIC</NodeName>
		<Property>
			<Entry>Device Name</Entry>
			<Description>RealTek Semiconductor RTL8168/8111 PCI-E Gigabit Ethernet NIC</Description>
		</Property>
		<Property>
			<Entry>Original Device Name</Entry>
			<Description>RealTek Semiconductor RTL8168/8111 PCI-E Gigabit Ethernet NIC</Description>
		</Property>
		<Property>
			<Entry>Device Class</Entry>
			<Description>Ethernet Adapter</Description>
		</Property>
		<Property>
			<Entry>Revision ID</Entry>
			<Description>15</Description>
		</Property>
		<Property>
			<Entry>PCI Address (Bus:Device:Function) Number</Entry>
			<Description>1:0:0</Description>
		</Property>
		<Property>
			<Entry>PCI Latency Timer</Entry>
			<Description>0</Description>
		</Property>
		<Property>
			<Entry>Hardware ID</Entry>
			<Description>PCI\VEN_10EC&amp;DEV_8168&amp;SUBSYS_8532103C&amp;REV_15</Description>
		</Property>
		<Property>
			<Entry>Version</Entry>
			<Description>1.1</Description>
		</Property>
		<Property>
			<Entry>Maximum Link Width</Entry>
			<Description>1x</Description>
		</Property>
		<Property>
			<Entry>Current Link Width</Entry>
			<Description>1x</Description>
		</Property>
		<Property>
			<Entry>Maximum Link Speed</Entry>
			<Description>2.5 GT/s</Description>
		</Property>
		<Property>
			<Entry>Current Link Speed</Entry>
			<Description>2.5 GT/s</Description>
		</Property>
		<Property>
			<Entry>Device/Port Type</Entry>
			<Description>PCI Express Endpoint</Description>
		</Property>
		<Property>
			<Entry>Slot Implemented</Entry>
			<Description>No</Description>
		</Property>
		<Property>
			<Entry>Emergency Power Reduction</Entry>
			<Description>Not Supported</Description>
		</Property>
		<Property>
			<Entry>Active State Power Management (ASPM) Support</Entry>
			<Description>L0s and L1</Description>
		</Property>
		<Property>
			<Entry>Active State Power Management (ASPM) Status</Entry>
			<Description>L1 Entry</Description>
		</Property>
		<Property>
			<Entry>L0s Exit Latency</Entry>
			<Description>&gt;4 us</Description>
		</Property>
		<Property>
			<Entry>L1 Exit Latency</Entry>
			<Description>32 - 64 us</Description>
		</Property>
		<Property>
			<Entry>Maximum Payload Size Supported</Entry>
			<Description>128 bytes</Description>
		</Property>
		<Property>
			<Entry>Maximum Payload Size</Entry>
			<Description>128 bytes</Description>
		</Property>
		<Property>
			<Entry>Resizable BAR Support</Entry>
			<Description>Not Supported</Description>
		</Property>
		<Property>
			<Entry>Interrupt Line</Entry>
			<Description>N/A</Description>
		</Property>
		<Property>
			<Entry>Interrupt Pin</Entry>
			<Description>INTA#</Description>
		</Property>
		<Property>
			<Entry>I/O Base Address 0</Entry>
			<Description>0</Description>
		</Property>
		<Property>
			<Entry>Memory Base Address 2</Entry>
			<Description>A1204000</Description>
		</Property>
		<Property>
			<Entry>Memory Base Address 4</Entry>
			<Description>A1200000</Description>
		</Property>
		<Property>
			<Entry>Bus Mastering</Entry>
			<Description>Enabled</Description>
		</Property>
		<Property>
			<Entry>Running At 66 MHz</Entry>
			<Description>Not Capable</Description>
		</Property>
		<Property>
			<Entry>Fast Back-to-Back Transactions</Entry>
			<Description>Not Capable</Description>
		</Property>
		<Property>
			<Entry>Driver Manufacturer</Entry>
			<Description>Realtek</Description>
		</Property>
		<Property>
			<Entry>Driver Description</Entry>
			<Description>Realtek PCIe GbE Family Controller</Description>
		</Property>
		<Property>
			<Entry>Driver Provider</Entry>
			<Description>Microsoft</Description>
		</Property>
		<Property>
			<Entry>Driver Version</Entry>
			<Description>1.0.0.14</Description>
		</Property>
		<Property>
			<Entry>Driver Date</Entry>
			<Description>01-Feb-2021</Description>
		</Property>
		<Property>
			<Entry>DeviceInstanceId</Entry>
			<Description>PCI\VEN_10EC&amp;DEV_8168&amp;SUBSYS_8532103C&amp;REV_15\4&amp;2F981A27&amp;0&amp;00E8</Description>
			<PropertyType>DeviceInstanceId</PropertyType>
		</Property>
		<Property>
			<Entry>Location Paths</Entry>
			<Description>PCIROOT(0)#PCI(1D00)#PCI(0000)</Description>
		</Property>
</SubNode>
</SubNode>
</SubNode>
<SubNode>
	<NodeName>Intel Cannon Lake-LP - PCI Express Root Port #10 [A0/D0]</NodeName>
		<Property>
			<Entry>Device Name</Entry>
			<Description>Intel Cannon Lake-LP - PCI Express Root Port #10 [A0/D0]</Description>
		</Property>
		<Property>
			<Entry>Original Device Name</Entry>
			<Description>Intel Cannon Lake-LP - PCI Express Root Port #10 [A0/D0]</Description>
		</Property>
		<Property>
			<Entry>Device Class</Entry>
			<Description>PCI-to-PCI Bridge</Description>
		</Property>
		<Property>
			<Entry>Revision ID</Entry>
			<Description>F0 [A0/D0]</Description>
		</Property>
		<Property>
			<Entry>PCI Address (Bus:Device:Function) Number</Entry>
			<Description>0:29:1</Description>
		</Property>
		<Property>
			<Entry>PCI Latency Timer</Entry>
			<Description>0</Description>
		</Property>
		<Property>
			<Entry>Hardware ID</Entry>
			<Description>PCI\VEN_8086&amp;DEV_9DB1&amp;SUBSYS_00000000&amp;REV_F0</Description>
		</Property>
		<Property>
			<Entry>Version</Entry>
			<Description>3.0</Description>
		</Property>
		<Property>
			<Entry>Maximum Link Width</Entry>
			<Description>1x</Description>
		</Property>
		<Property>
			<Entry>Current Link Width</Entry>
			<Description>1x</Description>
		</Property>
		<Property>
			<Entry>Maximum Link Speed</Entry>
			<Description>8.0 GT/s</Description>
		</Property>
		<Property>
			<Entry>Current Link Speed</Entry>
			<Description>2.5 GT/s</Description>
		</Property>
		<Property>
			<Entry>Device/Port Type</Entry>
			<Description>Root Port of PCI Express Root Complex</Description>
		</Property>
		<Property>
			<Entry>Slot Implemented</Entry>
			<Description>Yes</Description>
		</Property>
		<Property>
			<Entry>Hot-Plug</Entry>
			<Description>Not Capable</Description>
		</Property>
		<Property>
			<Entry>Hot-Plug Surprise</Entry>
			<Description>Not Capable</Description>
		</Property>
		<Property>
			<Entry>Slot Power Limit</Entry>
			<Description>10.000 W</Description>
		</Property>
		<Property>
			<Entry>Emergency Power Reduction</Entry>
			<Description>Not Supported</Description>
		</Property>
		<Property>
			<Entry>Active State Power Management (ASPM) Support</Entry>
			<Description>L0s and L1</Description>
		</Property>
		<Property>
			<Entry>Active State Power Management (ASPM) Status</Entry>
			<Description>L1 Entry</Description>
		</Property>
		<Property>
			<Entry>L0s Exit Latency</Entry>
			<Description>512 ns - 1 us</Description>
		</Property>
		<Property>
			<Entry>L1 Exit Latency</Entry>
			<Description>8 - 16 us</Description>
		</Property>
		<Property>
			<Entry>Maximum Payload Size Supported</Entry>
			<Description>256 bytes</Description>
		</Property>
		<Property>
			<Entry>Maximum Payload Size</Entry>
			<Description>128 bytes</Description>
		</Property>
		<Property>
			<Entry>Resizable BAR Support</Entry>
			<Description>Not Supported</Description>
		</Property>
		<Property>
			<Entry>Interrupt Line</Entry>
			<Description>N/A</Description>
		</Property>
		<Property>
			<Entry>Interrupt Pin</Entry>
			<Description>INTB#</Description>
		</Property>
		<Property>
			<Entry>Bus Mastering</Entry>
			<Description>Enabled</Description>
		</Property>
		<Property>
			<Entry>Running At 66 MHz</Entry>
			<Description>Not Capable</Description>
		</Property>
		<Property>
			<Entry>Fast Back-to-Back Transactions</Entry>
			<Description>Not Capable</Description>
		</Property>
		<Property>
			<Entry>Driver Manufacturer</Entry>
			<Description>INTEL</Description>
		</Property>
		<Property>
			<Entry>Driver Description</Entry>
			<Description>Intel(R) PCI Express Root Port #10 - 9DB1</Description>
		</Property>
		<Property>
			<Entry>Driver Provider</Entry>
			<Description>INTEL</Description>
		</Property>
		<Property>
			<Entry>Driver Version</Entry>
			<Description>10.1.15.6</Description>
		</Property>
		<Property>
			<Entry>DeviceInstanceId</Entry>
			<Description>PCI\VEN_8086&amp;DEV_9DB1&amp;SUBSYS_8532103C&amp;REV_F0\3&amp;11583659&amp;2&amp;E9</Description>
			<PropertyType>DeviceInstanceId</PropertyType>
		</Property>
		<Property>
			<Entry>Location Paths</Entry>
			<Description>PCIROOT(0)#PCI(1D01)</Description>
		</Property>
<SubNode>
	<NodeName>PCI Express x1 Bus #2</NodeName>
<SubNode>
	<NodeName>RealTek Semiconductor, Device ID: D723</NodeName>
		<Property>
			<Entry>Device Name</Entry>
			<Description>RealTek Semiconductor, Device ID: D723</Description>
		</Property>
		<Property>
			<Entry>Original Device Name</Entry>
			<Description>RealTek Semiconductor, Device ID: D723</Description>
		</Property>
		<Property>
			<Entry>Device Class</Entry>
			<Description>Other Network Adapter</Description>
		</Property>
		<Property>
			<Entry>Revision ID</Entry>
			<Description>0</Description>
		</Property>
		<Property>
			<Entry>PCI Address (Bus:Device:Function) Number</Entry>
			<Description>2:0:0</Description>
		</Property>
		<Property>
			<Entry>PCI Latency Timer</Entry>
			<Description>0</Description>
		</Property>
		<Property>
			<Entry>Hardware ID</Entry>
			<Description>PCI\VEN_10EC&amp;DEV_D723&amp;SUBSYS_8319103C&amp;REV_00</Description>
		</Property>
		<Property>
			<Entry>Version</Entry>
			<Description>1.1</Description>
		</Property>
		<Property>
			<Entry>Maximum Link Width</Entry>
			<Description>1x</Description>
		</Property>
		<Property>
			<Entry>Current Link Width</Entry>
			<Description>1x</Description>
		</Property>
		<Property>
			<Entry>Maximum Link Speed</Entry>
			<Description>2.5 GT/s</Description>
		</Property>
		<Property>
			<Entry>Current Link Speed</Entry>
			<Description>2.5 GT/s</Description>
		</Property>
		<Property>
			<Entry>Device/Port Type</Entry>
			<Description>PCI Express Endpoint</Description>
		</Property>
		<Property>
			<Entry>Slot Implemented</Entry>
			<Description>No</Description>
		</Property>
		<Property>
			<Entry>Emergency Power Reduction</Entry>
			<Description>Not Supported</Description>
		</Property>
		<Property>
			<Entry>Active State Power Management (ASPM) Support</Entry>
			<Description>L0s and L1</Description>
		</Property>
		<Property>
			<Entry>Active State Power Management (ASPM) Status</Entry>
			<Description>L1 Entry</Description>
		</Property>
		<Property>
			<Entry>L0s Exit Latency</Entry>
			<Description>256 - 512 ns</Description>
		</Property>
		<Property>
			<Entry>L1 Exit Latency</Entry>
			<Description>32 - 64 us</Description>
		</Property>
		<Property>
			<Entry>Maximum Payload Size Supported</Entry>
			<Description>128 bytes</Description>
		</Property>
		<Property>
			<Entry>Maximum Payload Size</Entry>
			<Description>128 bytes</Description>
		</Property>
		<Property>
			<Entry>Resizable BAR Support</Entry>
			<Description>Not Supported</Description>
		</Property>
		<Property>
			<Entry>Interrupt Line</Entry>
			<Description>N/A</Description>
		</Property>
		<Property>
			<Entry>Interrupt Pin</Entry>
			<Description>INTA#</Description>
		</Property>
		<Property>
			<Entry>I/O Base Address 0</Entry>
			<Description>3000</Description>
		</Property>
		<Property>
			<Entry>Memory Base Address 2</Entry>
			<Description>A1100000</Description>
		</Property>
		<Property>
			<Entry>Bus Mastering</Entry>
			<Description>Enabled</Description>
		</Property>
		<Property>
			<Entry>Running At 66 MHz</Entry>
			<Description>Not Capable</Description>
		</Property>
		<Property>
			<Entry>Fast Back-to-Back Transactions</Entry>
			<Description>Not Capable</Description>
		</Property>
		<Property>
			<Entry>Driver Manufacturer</Entry>
			<Description>Realtek Semiconductor Corp.</Description>
		</Property>
		<Property>
			<Entry>Driver Description</Entry>
			<Description>Realtek RTL8723DE 802.11b/g/n PCIe Adapter</Description>
		</Property>
		<Property>
			<Entry>Driver Provider</Entry>
			<Description>Realtek Semiconductor Corp.</Description>
		</Property>
		<Property>
			<Entry>Driver Version</Entry>
			<Description>2024.0.10.217</Description>
		</Property>
		<Property>
			<Entry>Driver Date</Entry>
			<Description>04-Jun-2020</Description>
		</Property>
		<Property>
			<Entry>DeviceInstanceId</Entry>
			<Description>PCI\VEN_10EC&amp;DEV_D723&amp;SUBSYS_8319103C&amp;REV_00\4&amp;8283F51&amp;0&amp;00E9</Description>
			<PropertyType>DeviceInstanceId</PropertyType>
		</Property>
		<Property>
			<Entry>Location Paths</Entry>
			<Description>PCIROOT(0)#PCI(1D01)#PCI(0000)</Description>
		</Property>
</SubNode>
</SubNode>
</SubNode>
<SubNode>
	<NodeName>Intel Cannon Lake-U PCH - LPC Controller/eSPI Controller [D0/D1]</NodeName>
		<Property>
			<Entry>Device Name</Entry>
			<Description>Intel Cannon Lake-U PCH - LPC Controller/eSPI Controller [D0/D1]</Description>
		</Property>
		<Property>
			<Entry>Original Device Name</Entry>
			<Description>Intel Cannon Lake-U PCH - LPC Controller/eSPI Controller [D0/D1]</Description>
		</Property>
		<Property>
			<Entry>Device Class</Entry>
			<Description>PCI-to-ISA Bridge</Description>
		</Property>
		<Property>
			<Entry>Revision ID</Entry>
			<Description>30 [D0/D1]</Description>
		</Property>
		<Property>
			<Entry>PCI Address (Bus:Device:Function) Number</Entry>
			<Description>0:31:0</Description>
		</Property>
		<Property>
			<Entry>PCI Latency Timer</Entry>
			<Description>0</Description>
		</Property>
		<Property>
			<Entry>Hardware ID</Entry>
			<Description>PCI\VEN_8086&amp;DEV_9D84&amp;SUBSYS_8532103C&amp;REV_30</Description>
		</Property>
		<Property>
			<Entry>Interrupt Line</Entry>
			<Description>N/A</Description>
		</Property>
		<Property>
			<Entry>Interrupt Pin</Entry>
			<Description>N/A</Description>
		</Property>
		<Property>
			<Entry>Bus Mastering</Entry>
			<Description>Enabled</Description>
		</Property>
		<Property>
			<Entry>Running At 66 MHz</Entry>
			<Description>Not Capable</Description>
		</Property>
		<Property>
			<Entry>Fast Back-to-Back Transactions</Entry>
			<Description>Not Capable</Description>
		</Property>
		<Property>
			<Entry>Driver Manufacturer</Entry>
			<Description>INTEL</Description>
		</Property>
		<Property>
			<Entry>Driver Description</Entry>
			<Description>I/O LPC Controller - 9D84 for Intel(R) 300 Series Chipset Family On-Package Platform Controller Hub</Description>
		</Property>
		<Property>
			<Entry>Driver Provider</Entry>
			<Description>INTEL</Description>
		</Property>
		<Property>
			<Entry>Driver Version</Entry>
			<Description>10.1.15.6</Description>
		</Property>
		<Property>
			<Entry>DeviceInstanceId</Entry>
			<Description>PCI\VEN_8086&amp;DEV_9D84&amp;SUBSYS_8532103C&amp;REV_30\3&amp;11583659&amp;2&amp;F8</Description>
			<PropertyType>DeviceInstanceId</PropertyType>
		</Property>
		<Property>
			<Entry>Location Paths</Entry>
			<Description>PCIROOT(0)#PCI(1F00)</Description>
		</Property>
</SubNode>
<SubNode>
	<NodeName>Intel Cannon Lake-LP - cAVS (Audio, Voice, Speech) [D0]</NodeName>
		<Property>
			<Entry>Device Name</Entry>
			<Description>Intel Cannon Lake-LP - cAVS (Audio, Voice, Speech) [D0]</Description>
		</Property>
		<Property>
			<Entry>Original Device Name</Entry>
			<Description>Intel Cannon Lake-LP - cAVS (Audio, Voice, Speech) [D0]</Description>
		</Property>
		<Property>
			<Entry>Device Class</Entry>
			<Description>High Definition Audio</Description>
		</Property>
		<Property>
			<Entry>Revision ID</Entry>
			<Description>30 [D0]</Description>
		</Property>
		<Property>
			<Entry>PCI Address (Bus:Device:Function) Number</Entry>
			<Description>0:31:3</Description>
		</Property>
		<Property>
			<Entry>PCI Latency Timer</Entry>
			<Description>32</Description>
		</Property>
		<Property>
			<Entry>Hardware ID</Entry>
			<Description>PCI\VEN_8086&amp;DEV_9DC8&amp;SUBSYS_8532103C&amp;REV_30</Description>
		</Property>
		<Property>
			<Entry>Interrupt Line</Entry>
			<Description>IRQ16</Description>
		</Property>
		<Property>
			<Entry>Interrupt Pin</Entry>
			<Description>INTA#</Description>
		</Property>
		<Property>
			<Entry>Memory Base Address 0</Entry>
			<Description>FE0FC000</Description>
		</Property>
		<Property>
			<Entry>Memory Base Address 4</Entry>
			<Description>FE100000</Description>
		</Property>
		<Property>
			<Entry>Bus Mastering</Entry>
			<Description>Disabled</Description>
		</Property>
		<Property>
			<Entry>Running At 66 MHz</Entry>
			<Description>Not Capable</Description>
		</Property>
		<Property>
			<Entry>Fast Back-to-Back Transactions</Entry>
			<Description>Not Capable</Description>
		</Property>
		<Property>
			<Entry>Driver Manufacturer</Entry>
			<Description>Microsoft</Description>
		</Property>
		<Property>
			<Entry>Driver Description</Entry>
			<Description>High Definition Audio Controller</Description>
		</Property>
		<Property>
			<Entry>Driver Provider</Entry>
			<Description>Microsoft</Description>
		</Property>
		<Property>
			<Entry>Driver Version</Entry>
			<Description>10.0.22621.608</Description>
		</Property>
		<Property>
			<Entry>Driver Date</Entry>
			<Description>27-Sep-2022</Description>
		</Property>
		<Property>
			<Entry>DeviceInstanceId</Entry>
			<Description>PCI\VEN_8086&amp;DEV_9DC8&amp;SUBSYS_8532103C&amp;REV_30\3&amp;11583659&amp;2&amp;FB</Description>
			<PropertyType>DeviceInstanceId</PropertyType>
		</Property>
		<Property>
			<Entry>Location Paths</Entry>
			<Description>PCIROOT(0)#PCI(1F03)</Description>
		</Property>
</SubNode>
<SubNode>
	<NodeName>Intel Cannon Lake-LP - SMBus Host Controller [D0]</NodeName>
		<Property>
			<Entry>Device Name</Entry>
			<Description>Intel Cannon Lake-LP - SMBus Host Controller [D0]</Description>
		</Property>
		<Property>
			<Entry>Original Device Name</Entry>
			<Description>Intel Cannon Lake-LP - SMBus Host Controller [D0]</Description>
		</Property>
		<Property>
			<Entry>Device Class</Entry>
			<Description>SMBus (System Management Bus)</Description>
		</Property>
		<Property>
			<Entry>Revision ID</Entry>
			<Description>30 [D0]</Description>
		</Property>
		<Property>
			<Entry>PCI Address (Bus:Device:Function) Number</Entry>
			<Description>0:31:4</Description>
		</Property>
		<Property>
			<Entry>PCI Latency Timer</Entry>
			<Description>0</Description>
		</Property>
		<Property>
			<Entry>Hardware ID</Entry>
			<Description>PCI\VEN_8086&amp;DEV_9DA3&amp;SUBSYS_8532103C&amp;REV_30</Description>
		</Property>
		<Property>
			<Entry>Interrupt Line</Entry>
			<Description>IRQ16</Description>
		</Property>
		<Property>
			<Entry>Interrupt Pin</Entry>
			<Description>INTA#</Description>
		</Property>
		<Property>
			<Entry>Memory Base Address 0</Entry>
			<Description>A1324000</Description>
		</Property>
		<Property>
			<Entry>I/O Base Address 4</Entry>
			<Description>5040</Description>
		</Property>
		<Property>
			<Entry>Bus Mastering</Entry>
			<Description>Disabled</Description>
		</Property>
		<Property>
			<Entry>Running At 66 MHz</Entry>
			<Description>Not Capable</Description>
		</Property>
		<Property>
			<Entry>Fast Back-to-Back Transactions</Entry>
			<Description>Capable</Description>
		</Property>
		<Property>
			<Entry>Driver Manufacturer</Entry>
			<Description>Synaptics</Description>
		</Property>
		<Property>
			<Entry>Driver Description</Entry>
			<Description>Synaptics SMBus Driver</Description>
		</Property>
		<Property>
			<Entry>Driver Provider</Entry>
			<Description>Synaptics</Description>
		</Property>
		<Property>
			<Entry>Driver Version</Entry>
			<Description>19.5.35.54</Description>
		</Property>
		<Property>
			<Entry>Driver Date</Entry>
			<Description>16-Mar-2020</Description>
		</Property>
		<Property>
			<Entry>DeviceInstanceId</Entry>
			<Description>PCI\VEN_8086&amp;DEV_9DA3&amp;SUBSYS_8532103C&amp;REV_30\3&amp;11583659&amp;2&amp;FC</Description>
			<PropertyType>DeviceInstanceId</PropertyType>
		</Property>
		<Property>
			<Entry>Location Paths</Entry>
			<Description>PCIROOT(0)#PCI(1F04)</Description>
		</Property>
</SubNode>
<SubNode>
	<NodeName>Intel Cannon Lake-LP - SPI (flash) Controller [D0]</NodeName>
		<Property>
			<Entry>Device Name</Entry>
			<Description>Intel Cannon Lake-LP - SPI (flash) Controller [D0]</Description>
		</Property>
		<Property>
			<Entry>Original Device Name</Entry>
			<Description>Intel Cannon Lake-LP - SPI (flash) Controller [D0]</Description>
		</Property>
		<Property>
			<Entry>Device Class</Entry>
			<Description>Other Serial Bus Controller</Description>
		</Property>
		<Property>
			<Entry>Revision ID</Entry>
			<Description>30 [D0]</Description>
		</Property>
		<Property>
			<Entry>PCI Address (Bus:Device:Function) Number</Entry>
			<Description>0:31:5</Description>
		</Property>
		<Property>
			<Entry>PCI Latency Timer</Entry>
			<Description>0</Description>
		</Property>
		<Property>
			<Entry>Hardware ID</Entry>
			<Description>PCI\VEN_8086&amp;DEV_9DA4&amp;SUBSYS_8532103C&amp;REV_30</Description>
		</Property>
		<Property>
			<Entry>Interrupt Line</Entry>
			<Description>N/A</Description>
		</Property>
		<Property>
			<Entry>Interrupt Pin</Entry>
			<Description>N/A</Description>
		</Property>
		<Property>
			<Entry>Memory Base Address 0</Entry>
			<Description>FE010000</Description>
		</Property>
		<Property>
			<Entry>Bus Mastering</Entry>
			<Description>Enabled</Description>
		</Property>
		<Property>
			<Entry>Running At 66 MHz</Entry>
			<Description>Not Capable</Description>
		</Property>
		<Property>
			<Entry>Fast Back-to-Back Transactions</Entry>
			<Description>Not Capable</Description>
		</Property>
		<Property>
			<Entry>Driver Manufacturer</Entry>
			<Description>INTEL</Description>
		</Property>
		<Property>
			<Entry>Driver Description</Entry>
			<Description>Intel(R) SPI (flash) Controller - 9DA4</Description>
		</Property>
		<Property>
			<Entry>Driver Provider</Entry>
			<Description>INTEL</Description>
		</Property>
		<Property>
			<Entry>Driver Version</Entry>
			<Description>10.1.15.6</Description>
		</Property>
		<Property>
			<Entry>DeviceInstanceId</Entry>
			<Description>PCI\VEN_8086&amp;DEV_9DA4&amp;SUBSYS_8532103C&amp;REV_30\3&amp;11583659&amp;2&amp;FD</Description>
			<PropertyType>DeviceInstanceId</PropertyType>
		</Property>
		<Property>
			<Entry>Location Paths</Entry>
			<Description>PCIROOT(0)#PCI(1F05)</Description>
		</Property>
</SubNode>
</SubNode>
</BUS>
</SubNodes>
</COMPUTER>
</HWINFO>
