<?xml version="1.0"?>
<!DOCTYPE HWINFO SYSTEM "HWiNFO32log.dtd">
<HWINFO>

<COMPUTER>
	<NodeName>AMRUTHA</NodeName>
		<IconIndex>19</IconIndex>

		<ScanTime>11.04.2023 12:46</ScanTime>
<SubNodes>

<MEMORY>
	<NodeName>Memory</NodeName>
		<IconIndex>22</IconIndex>

		<Property>
			<Entry>Total Memory Size</Entry>
			<Description>8 GBytes</Description>
		</Property>
		<Property>
			<Entry>Total Memory Size [MB]</Entry>
			<Description>8192</Description>
			<PropertyType>SYSTEM_MEMORY</PropertyType>
		</Property>
		<Property>
			<Entry>Maximum Supported Memory Clock</Entry>
			<Description>1200.0 MHz</Description>
		</Property>
		<Property>
			<Entry>Current Memory Clock</Entry>
			<Description>1196.3 MHz</Description>
		</Property>
		<Property>
			<Entry>Current Timing (tCAS-tRCD-tRP-tRAS)</Entry>
			<Description>17-17-17-39</Description>
		</Property>
		<Property>
			<Entry>Memory Channels Supported</Entry>
			<Description>2</Description>
		</Property>
		<Property>
			<Entry>Memory Channels Active</Entry>
			<Description>2</Description>
		</Property>
		<Property>
			<Entry>Command Rate (CR)</Entry>
			<Description>2T</Description>
		</Property>
		<Property>
			<Entry>Read to Read Delay (tRDRD_SG/TrdrdScL) Same Bank Group</Entry>
			<Description>6T</Description>
		</Property>
		<Property>
			<Entry>Read to Read Delay (tRDRD_DG/TrdrdScDlr) Different Bank Group</Entry>
			<Description>4T</Description>
		</Property>
		<Property>
			<Entry>Read to Read Delay (tRDRD_SD) Same DIMM</Entry>
			<Description>6T</Description>
		</Property>
		<Property>
			<Entry>Read to Read Delay (tRDRD_DD) Different DIMM</Entry>
			<Description>7T</Description>
		</Property>
		<Property>
			<Entry>Write to Write Delay (tWRWR_SG/TwrwrScL) Same Bank Group</Entry>
			<Description>6T</Description>
		</Property>
		<Property>
			<Entry>Write to Write Delay (tWRWR_DG/TwrwrScDlr) Different Bank Group</Entry>
			<Description>4T</Description>
		</Property>
		<Property>
			<Entry>Write to Write Delay (tWRWR_SD) Same DIMM</Entry>
			<Description>7T</Description>
		</Property>
		<Property>
			<Entry>Write to Write Delay (tWRWR_DD) Different DIMM</Entry>
			<Description>7T</Description>
		</Property>
		<Property>
			<Entry>Read to Write Delay (tRDWR_SG/TrdwrScL) Same Bank Group</Entry>
			<Description>11T</Description>
		</Property>
		<Property>
			<Entry>Read to Write Delay (tRDWR_DG/TrdwrScDlr) Different Bank Group</Entry>
			<Description>9T</Description>
		</Property>
		<Property>
			<Entry>Read to Write Delay (tRDWR_SD) Same DIMM</Entry>
			<Description>10T</Description>
		</Property>
		<Property>
			<Entry>Read to Write Delay (tRDWR_DD) Different DIMM</Entry>
			<Description>11T</Description>
		</Property>
		<Property>
			<Entry>Write to Read Delay (tWRRD_SG/TwrrdScL) Same Bank Group</Entry>
			<Description>30T</Description>
		</Property>
		<Property>
			<Entry>Write to Read Delay (tWRRD_DG/TwrrdScDlr) Different Bank Group</Entry>
			<Description>24T</Description>
		</Property>
		<Property>
			<Entry>Write to Read Delay (tWRRD_SD) Same DIMM</Entry>
			<Description>6T</Description>
		</Property>
		<Property>
			<Entry>Write to Read Delay (tWRRD_DD) Different DIMM</Entry>
			<Description>6T</Description>
		</Property>
		<Property>
			<Entry>RAS# to RAS# Delay (tRRD)</Entry>
			<Description>8T</Description>
		</Property>
		<Property>
			<Entry>Row Cycle Time (tRC)</Entry>
			<Description>56T</Description>
		</Property>
		<Property>
			<Entry>Refresh Cycle Time (tRFC)</Entry>
			<Description>420T</Description>
		</Property>
		<Property>
			<Entry>Four Activate Window (tFAW)</Entry>
			<Description>36T</Description>
		</Property>
<SubNode>
	<NodeName>Row: 0 [BANK 0/Bottom-Slot 1(left)] - 4 GB PC4-21300 DDR4 SDRAM Samsung M471A5244CB0-CTD</NodeName>
		<Property>
			<Entry>Module Number</Entry>
			<Description>0</Description>
		</Property>
		<Property>
			<Entry>Module Size</Entry>
			<Description>4 GBytes</Description>
		</Property>
		<Property>
			<Entry>Memory Type</Entry>
			<Description>DDR4 SDRAM</Description>
		</Property>
		<Property>
			<Entry>Module Type</Entry>
			<Description>SO-DIMM</Description>
		</Property>
		<Property>
			<Entry>Memory Speed</Entry>
			<Description>1333.3 MHz (DDR4-2666 / PC4-21300)</Description>
		</Property>
		<Property>
			<Entry>Module Manufacturer</Entry>
			<Description>Samsung</Description>
		</Property>
		<Property>
			<Entry>Module Part Number</Entry>
			<Description>M471A5244CB0-CTD</Description>
		</Property>
		<Property>
			<Entry>Module Revision</Entry>
			<Description>0.0</Description>
		</Property>
		<Property>
			<Entry>Module Serial Number</Entry>
			<Description>2489734258 (72546694)</Description>
		</Property>
		<Property>
			<Entry>Module Manufacturing Date</Entry>
			<Description>Year: 2019, Week: 15</Description>
		</Property>
		<Property>
			<Entry>Module Manufacturing Location</Entry>
			<Description>2</Description>
		</Property>
		<Property>
			<Entry>SDRAM Manufacturer</Entry>
			<Description>Samsung</Description>
		</Property>
		<Property>
			<Entry>DRAM Steppping</Entry>
			<Description>0.0</Description>
		</Property>
		<Property>
			<Entry>Error Check/Correction</Entry>
			<Description>None</Description>
		</Property>
		<Property>
			<Entry>Row Address Bits</Entry>
			<Description>16</Description>
		</Property>
		<Property>
			<Entry>Column Address Bits</Entry>
			<Description>10</Description>
		</Property>
		<Property>
			<Entry>Module Density</Entry>
			<Description>8192 Mb</Description>
		</Property>
		<Property>
			<Entry>Number Of Ranks</Entry>
			<Description>1</Description>
		</Property>
		<Property>
			<Entry>Number Of Bank Groups</Entry>
			<Description>2</Description>
		</Property>
		<Property>
			<Entry>Device Width</Entry>
			<Description>16 bits</Description>
		</Property>
		<Property>
			<Entry>Bus Width</Entry>
			<Description>64 bits</Description>
		</Property>
		<Property>
			<Entry>Die Count</Entry>
			<Description>1</Description>
		</Property>
		<Property>
			<Entry>Module Nominal Voltage (VDD)</Entry>
			<Description>1.2 V</Description>
		</Property>
		<Property>
			<Entry>Minimum SDRAM Cycle Time (tCKAVGmin)</Entry>
			<Description>0.75000 ns (1333 MHz)</Description>
		</Property>
		<Property>
			<Entry>Maximum SDRAM Cycle Time (tCKAVGmax)</Entry>
			<Description>1.60000 ns</Description>
		</Property>
		<Property>
			<Entry>CAS# Latencies Supported</Entry>
			<Description>10, 11, 12, 13, 14, 15, 16, 17, 18, 19, 20</Description>
		</Property>
		<Property>
			<Entry>Minimum CAS# Latency Time (tAAmin)</Entry>
			<Description>13.750 ns</Description>
		</Property>
		<Property>
			<Entry>Minimum RAS# to CAS# Delay (tRCDmin)</Entry>
			<Description>13.750 ns</Description>
		</Property>
		<Property>
			<Entry>Minimum Row Precharge Time (tRPmin)</Entry>
			<Description>13.750 ns</Description>
		</Property>
		<Property>
			<Entry>Minimum Active to Precharge Time (tRASmin)</Entry>
			<Description>32.000 ns</Description>
		</Property>
		<Property>
			<Entry>Supported Module Timing at 1333.3 MHz</Entry>
			<Description>19-19-19-43</Description>
		</Property>
		<Property>
			<Entry>Supported Module Timing at 1200.0 MHz</Entry>
			<Description>17-17-17-39</Description>
		</Property>
		<Property>
			<Entry>Supported Module Timing at 1066.7 MHz</Entry>
			<Description>15-15-15-35</Description>
		</Property>
		<Property>
			<Entry>Supported Module Timing at 933.3 MHz</Entry>
			<Description>13-13-13-30</Description>
		</Property>
		<Property>
			<Entry>Supported Module Timing at 800.0 MHz</Entry>
			<Description>11-11-11-26</Description>
		</Property>
		<Property>
			<Entry>Supported Module Timing at 666.7 MHz</Entry>
			<Description>10-10-10-22</Description>
		</Property>
		<Property>
			<Entry>Minimum Active to Active/Refresh Time (tRCmin)</Entry>
			<Description>45.750 ns</Description>
		</Property>
		<Property>
			<Entry>Minimum Refresh Recovery Time Delay (tRFC1min)</Entry>
			<Description>350.000 ns</Description>
		</Property>
		<Property>
			<Entry>Minimum Refresh Recovery Time Delay (tRFC2min)</Entry>
			<Description>260.000 ns</Description>
		</Property>
		<Property>
			<Entry>Minimum Refresh Recovery Time Delay (tRFC4min)</Entry>
			<Description>160.000 ns</Description>
		</Property>
		<Property>
			<Entry>Minimum Four Activate Window Delay Time (tFAWmin)</Entry>
			<Description>30.000 ns</Description>
		</Property>
		<Property>
			<Entry>Minimum Active to Active Delay Time - Different Bank Group (tRRD_Smin)</Entry>
			<Description>5.300 ns</Description>
		</Property>
		<Property>
			<Entry>Minimum Active to Active Delay Time - Same Bank Group (tRRD_Lmin)</Entry>
			<Description>6.400 ns</Description>
		</Property>
		<Property>
			<Entry>Minimum CAS to CAS Delay Time - Same Bank Group (tCCD_Lmin)</Entry>
			<Description>5.000 ns</Description>
		</Property>
		<Property>
			<Entry>Module Temperature Sensor (TSOD)</Entry>
			<Description>Not Supported</Description>
		</Property>
		<Property>
			<Entry>Module Nominal Height</Entry>
			<Description>29 - 30 mm</Description>
		</Property>
		<Property>
			<Entry>Module Maximum Thickness (Front)</Entry>
			<Description>1 - 2 mm</Description>
		</Property>
		<Property>
			<Entry>Module Maximum Thickness (Back)</Entry>
			<Description>1 - 2 mm</Description>
		</Property>
		<Property>
			<Entry>Address Mapping from Edge Connector to DRAM</Entry>
			<Description>Standard</Description>
		</Property>
</SubNode>
<SubNode>
	<NodeName>Row: 2 [BANK 2/Bottom-Slot 2(right)] - 4 GB PC4-21300 DDR4 SDRAM SK Hynix AARVEX TECHNOLOGY</NodeName>
		<Property>
			<Entry>Module Number</Entry>
			<Description>2</Description>
		</Property>
		<Property>
			<Entry>Module Size</Entry>
			<Description>4 GBytes</Description>
		</Property>
		<Property>
			<Entry>Memory Type</Entry>
			<Description>DDR4 SDRAM</Description>
		</Property>
		<Property>
			<Entry>Module Type</Entry>
			<Description>SO-DIMM</Description>
		</Property>
		<Property>
			<Entry>Memory Speed</Entry>
			<Description>1333.3 MHz (DDR4-2666 / PC4-21300)</Description>
		</Property>
		<Property>
			<Entry>Module Manufacturer</Entry>
			<Description>SK Hynix</Description>
		</Property>
		<Property>
			<Entry>Module Part Number</Entry>
			<Description>AARVEX TECHNOLOGY</Description>
		</Property>
		<Property>
			<Entry>Module Revision</Entry>
			<Description>0.0</Description>
		</Property>
		<Property>
			<Entry>Module Serial Number</Entry>
			<Description>N/A</Description>
		</Property>
		<Property>
			<Entry>Module Manufacturing Date</Entry>
			<Description>Year: 2019, Week: 24</Description>
		</Property>
		<Property>
			<Entry>Module Manufacturing Location</Entry>
			<Description>0</Description>
		</Property>
		<Property>
			<Entry>SDRAM Manufacturer</Entry>
			<Description>SK Hynix</Description>
		</Property>
		<Property>
			<Entry>DRAM Steppping</Entry>
			<Description>0.0</Description>
		</Property>
		<Property>
			<Entry>Error Check/Correction</Entry>
			<Description>None</Description>
		</Property>
		<Property>
			<Entry>Row Address Bits</Entry>
			<Description>16</Description>
		</Property>
		<Property>
			<Entry>Column Address Bits</Entry>
			<Description>10</Description>
		</Property>
		<Property>
			<Entry>Module Density</Entry>
			<Description>8192 Mb</Description>
		</Property>
		<Property>
			<Entry>Number Of Ranks</Entry>
			<Description>1</Description>
		</Property>
		<Property>
			<Entry>Number Of Bank Groups</Entry>
			<Description>2</Description>
		</Property>
		<Property>
			<Entry>Device Width</Entry>
			<Description>16 bits</Description>
		</Property>
		<Property>
			<Entry>Bus Width</Entry>
			<Description>64 bits</Description>
		</Property>
		<Property>
			<Entry>Die Count</Entry>
			<Description>1</Description>
		</Property>
		<Property>
			<Entry>Module Nominal Voltage (VDD)</Entry>
			<Description>1.2 V</Description>
		</Property>
		<Property>
			<Entry>Minimum SDRAM Cycle Time (tCKAVGmin)</Entry>
			<Description>0.75000 ns (1333 MHz)</Description>
		</Property>
		<Property>
			<Entry>Maximum SDRAM Cycle Time (tCKAVGmax)</Entry>
			<Description>1.60000 ns</Description>
		</Property>
		<Property>
			<Entry>CAS# Latencies Supported</Entry>
			<Description>10, 11, 12, 13, 14, 15, 16, 17, 18, 19, 20</Description>
		</Property>
		<Property>
			<Entry>Minimum CAS# Latency Time (tAAmin)</Entry>
			<Description>13.750 ns</Description>
		</Property>
		<Property>
			<Entry>Minimum RAS# to CAS# Delay (tRCDmin)</Entry>
			<Description>13.750 ns</Description>
		</Property>
		<Property>
			<Entry>Minimum Row Precharge Time (tRPmin)</Entry>
			<Description>13.750 ns</Description>
		</Property>
		<Property>
			<Entry>Minimum Active to Precharge Time (tRASmin)</Entry>
			<Description>32.000 ns</Description>
		</Property>
		<Property>
			<Entry>Supported Module Timing at 1333.3 MHz</Entry>
			<Description>19-19-19-43</Description>
		</Property>
		<Property>
			<Entry>Supported Module Timing at 1200.0 MHz</Entry>
			<Description>17-17-17-39</Description>
		</Property>
		<Property>
			<Entry>Supported Module Timing at 1066.7 MHz</Entry>
			<Description>15-15-15-35</Description>
		</Property>
		<Property>
			<Entry>Supported Module Timing at 933.3 MHz</Entry>
			<Description>13-13-13-30</Description>
		</Property>
		<Property>
			<Entry>Supported Module Timing at 800.0 MHz</Entry>
			<Description>11-11-11-26</Description>
		</Property>
		<Property>
			<Entry>Supported Module Timing at 666.7 MHz</Entry>
			<Description>10-10-10-22</Description>
		</Property>
		<Property>
			<Entry>Minimum Active to Active/Refresh Time (tRCmin)</Entry>
			<Description>45.750 ns</Description>
		</Property>
		<Property>
			<Entry>Minimum Refresh Recovery Time Delay (tRFC1min)</Entry>
			<Description>350.000 ns</Description>
		</Property>
		<Property>
			<Entry>Minimum Refresh Recovery Time Delay (tRFC2min)</Entry>
			<Description>260.000 ns</Description>
		</Property>
		<Property>
			<Entry>Minimum Refresh Recovery Time Delay (tRFC4min)</Entry>
			<Description>160.000 ns</Description>
		</Property>
		<Property>
			<Entry>Minimum Four Activate Window Delay Time (tFAWmin)</Entry>
			<Description>30.000 ns</Description>
		</Property>
		<Property>
			<Entry>Minimum Active to Active Delay Time - Different Bank Group (tRRD_Smin)</Entry>
			<Description>5.300 ns</Description>
		</Property>
		<Property>
			<Entry>Minimum Active to Active Delay Time - Same Bank Group (tRRD_Lmin)</Entry>
			<Description>6.400 ns</Description>
		</Property>
		<Property>
			<Entry>Minimum CAS to CAS Delay Time - Same Bank Group (tCCD_Lmin)</Entry>
			<Description>5.000 ns</Description>
		</Property>
		<Property>
			<Entry>Module Temperature Sensor (TSOD)</Entry>
			<Description>Not Supported</Description>
		</Property>
		<Property>
			<Entry>Module Nominal Height</Entry>
			<Description>29 - 30 mm</Description>
		</Property>
		<Property>
			<Entry>Module Maximum Thickness (Front)</Entry>
			<Description>1 - 2 mm</Description>
		</Property>
		<Property>
			<Entry>Module Maximum Thickness (Back)</Entry>
			<Description>&lt;= 1 mm</Description>
		</Property>
		<Property>
			<Entry>Address Mapping from Edge Connector to DRAM</Entry>
			<Description>Standard</Description>
		</Property>
</SubNode>
</MEMORY>
</SubNodes>
</COMPUTER>
</HWINFO>
