<?xml version="1.0"?>
<!DOCTYPE HWINFO SYSTEM "HWiNFO32log.dtd">
<HWINFO>

<COMPUTER>
	<NodeName>AMRUTHA</NodeName>
		<IconIndex>19</IconIndex>

		<ScanTime>11.04.2023 16:05</ScanTime>
<SubNodes>

<MONITOR>
	<NodeName>Monitor</NodeName>
		<IconIndex>24</IconIndex>

<SubNode>
	<NodeName>BOE [Unknown Model: BOE0687]</NodeName>
		<Property>
			<Entry>Monitor Name</Entry>
			<Description>BOE [Unknown Model: BOE0687]</Description>
			<PropertyType>MONITOR</PropertyType>
		</Property>
		<Property>
			<Entry>Serial Number</Entry>
			<Description>Unknown</Description>
		</Property>
		<Property>
			<Entry>Date Of Manufacture</Entry>
			<Description>Week: 1, Year: 2015</Description>
		</Property>
		<Property>
			<Entry>Monitor Hardware ID</Entry>
			<Description>Monitor\BOE0687</Description>
		</Property>
		<Property>
			<Entry>Max. Vertical Size</Entry>
			<Description>19 cm</Description>
		</Property>
		<Property>
			<Entry>Max. Horizontal Size</Entry>
			<Description>34 cm</Description>
		</Property>
		<Property>
			<Entry>Input Signal</Entry>
			<Description>Digital</Description>
		</Property>
		<Property>
			<Entry>Color Bit Depth</Entry>
			<Description>8 Bits per Primary Color</Description>
		</Property>
		<Property>
			<Entry>Digital Video Interface Standard Supported</Entry>
			<Description>DisplayPort</Description>
		</Property>
		<Property>
			<Entry>Gamma Factor</Entry>
			<Description>2.20</Description>
		</Property>
		<Property>
			<Entry>Standby</Entry>
			<Description>Not Supported</Description>
		</Property>
		<Property>
			<Entry>Suspend</Entry>
			<Description>Not Supported</Description>
		</Property>
		<Property>
			<Entry>Active Off</Entry>
			<Description>Not Supported</Description>
		</Property>
		<Property>
			<Entry>Standard Colour Space (sRGB) Default</Entry>
			<Description>Not Supported</Description>
		</Property>
		<Property>
			<Entry>Preferred Timing Mode</Entry>
			<Description>Supported</Description>
		</Property>
		<Property>
			<Entry>Default GTF (Continuous Frequency)</Entry>
			<Description>Not Supported</Description>
		</Property>
		<Property>
			<Entry>DFP 1.x Compatible</Entry>
			<Description>Yes</Description>
		</Property>
		<Property>
			<Entry>1920 x 1080</Entry>
			<Description>344 x 193 mm, Pixel Clock 152.60 MHz</Description>
		</Property>
		<Property>
			<Entry>1920 x 1080</Entry>
			<Description>344 x 193 mm, Pixel Clock 94.30 MHz</Description>
		</Property>
</SubNode>
</MONITOR>
</SubNodes>
</COMPUTER>
</HWINFO>
