<?xml version="1.0"?>
<!DOCTYPE HWINFO SYSTEM "HWiNFO32log.dtd">
<HWINFO>

<COMPUTER>
	<NodeName>AMRUTHA</NodeName>
		<IconIndex>19</IconIndex>

		<ScanTime>11.04.2023 12:28</ScanTime>
		<Property>
			<Entry>Computer Brand Name</Entry>
			<Description>HP HP Laptop 15-da1xxx</Description>
		</Property>
<SubNodes>

<MOBO>
	<NodeName>Motherboard</NodeName>
		<IconIndex>23</IconIndex>

		<Property>
			<Entry>Computer Brand Name</Entry>
			<Description>HP HP Laptop 15-da1xxx</Description>
		</Property>
		<Property>
			<Entry>Motherboard Model</Entry>
			<Description>HP 8532</Description>
			<PropertyType>SYSTEM_MAINBOARD</PropertyType>
		</Property>
		<Property>
			<Entry>Motherboard Chipset</Entry>
			<Description>Intel Cannon Lake-U PCH-LP Premium</Description>
			<PropertyType>SYSTEM_CHIPSET</PropertyType>
		</Property>
		<Property>
			<Entry>Motherboard Slots</Entry>
			<Description>2xPCI Express x1, 1xPCI Express x4</Description>
		</Property>
		<Property>
			<Entry>PCI Express Version Supported</Entry>
			<Description>v3.0</Description>
		</Property>
		<Property>
			<Entry>USB Version Supported</Entry>
			<Description>v3.1</Description>
		</Property>
		<Property>
			<Entry>BIOS Manufacturer</Entry>
			<Description>Insyde</Description>
		</Property>
		<Property>
			<Entry>BIOS Date</Entry>
			<Description>07/31/2020</Description>
		</Property>
		<Property>
			<Entry>BIOS Version</Entry>
			<Description>F.33</Description>
		</Property>
		<Property>
			<Entry>UEFI BIOS</Entry>
			<Description>Capable</Description>
		</Property>
		<Property>
			<Entry>Super-IO/LPC Chip</Entry>
			<Description>Unknown</Description>
		</Property>
		<Property>
			<Entry>Trusted Platform Module (TPM) Chip</Entry>
			<Description>Hardware TPM, version v2.0</Description>
		</Property>
<SubNode>
	<NodeName>ACPI Devices</NodeName>
<SubNode>
	<NodeName>Standard PS/2 Keyboard</NodeName>
		<Property>
			<Entry>Device Name</Entry>
			<Description>Standard PS/2 Keyboard</Description>
		</Property>
		<Property>
			<Entry>I/O Port</Entry>
			<Description>0060</Description>
		</Property>
		<Property>
			<Entry>I/O Port</Entry>
			<Description>0000</Description>
		</Property>
		<Property>
			<Entry>I/O Port</Entry>
			<Description>0060</Description>
		</Property>
		<Property>
			<Entry>I/O Port</Entry>
			<Description>0064</Description>
		</Property>
		<Property>
			<Entry>IRQ</Entry>
			<Description>1</Description>
		</Property>
</SubNode>
<SubNode>
	<NodeName>Intel(R) Watchdog Timer Driver (Intel(R) WDT)</NodeName>
		<Property>
			<Entry>Device Name</Entry>
			<Description>Intel(R) Watchdog Timer Driver (Intel(R) WDT)</Description>
		</Property>
		<Property>
			<Entry>I/O Port</Entry>
			<Description>1854 - 1857</Description>
		</Property>
		<Property>
			<Entry>I/O Port</Entry>
			<Description>1854 - 1857</Description>
		</Property>
</SubNode>
<SubNode>
	<NodeName>Trusted Platform Module 2.0</NodeName>
		<Property>
			<Entry>Device Name</Entry>
			<Description>Trusted Platform Module 2.0</Description>
		</Property>
		<Property>
			<Entry>Memory Location</Entry>
			<Description>FED40000 - FED44FFF</Description>
		</Property>
		<Property>
			<Entry>Memory Location</Entry>
			<Description>FED40000 - FED44FFF</Description>
		</Property>
</SubNode>
<SubNode>
	<NodeName>Programmable interrupt controller</NodeName>
		<Property>
			<Entry>Device Name</Entry>
			<Description>Programmable interrupt controller</Description>
		</Property>
		<Property>
			<Entry>I/O Port</Entry>
			<Description>0020 - 0021</Description>
		</Property>
		<Property>
			<Entry>I/O Port</Entry>
			<Description>0030 - 0031</Description>
		</Property>
		<Property>
			<Entry>I/O Port</Entry>
			<Description>00A0 - 00A1</Description>
		</Property>
		<Property>
			<Entry>I/O Port</Entry>
			<Description>00B0 - 00B1</Description>
		</Property>
		<Property>
			<Entry>IRQ</Entry>
			<Description>1114369</Description>
		</Property>
		<Property>
			<Entry>IRQ</Entry>
			<Description>1114369</Description>
		</Property>
		<Property>
			<Entry>IRQ</Entry>
			<Description>1114369</Description>
		</Property>
		<Property>
			<Entry>IRQ</Entry>
			<Description>1114369</Description>
		</Property>
		<Property>
			<Entry>I/O Port</Entry>
			<Description>0020 - 0021</Description>
		</Property>
		<Property>
			<Entry>I/O Port</Entry>
			<Description>0024 - 0025</Description>
		</Property>
		<Property>
			<Entry>I/O Port</Entry>
			<Description>0028 - 0029</Description>
		</Property>
		<Property>
			<Entry>I/O Port</Entry>
			<Description>002C - 002D</Description>
		</Property>
		<Property>
			<Entry>I/O Port</Entry>
			<Description>0030 - 0031</Description>
		</Property>
		<Property>
			<Entry>I/O Port</Entry>
			<Description>0034 - 0035</Description>
		</Property>
		<Property>
			<Entry>I/O Port</Entry>
			<Description>0038 - 0039</Description>
		</Property>
		<Property>
			<Entry>I/O Port</Entry>
			<Description>003C - 003D</Description>
		</Property>
		<Property>
			<Entry>I/O Port</Entry>
			<Description>00A0 - 00A1</Description>
		</Property>
		<Property>
			<Entry>I/O Port</Entry>
			<Description>00A4 - 00A5</Description>
		</Property>
		<Property>
			<Entry>I/O Port</Entry>
			<Description>00A8 - 00A9</Description>
		</Property>
		<Property>
			<Entry>I/O Port</Entry>
			<Description>00AC - 00AD</Description>
		</Property>
		<Property>
			<Entry>I/O Port</Entry>
			<Description>00B0 - 00B1</Description>
		</Property>
		<Property>
			<Entry>I/O Port</Entry>
			<Description>00B4 - 00B5</Description>
		</Property>
		<Property>
			<Entry>I/O Port</Entry>
			<Description>00B8 - 00B9</Description>
		</Property>
		<Property>
			<Entry>I/O Port</Entry>
			<Description>00BC - 00BD</Description>
		</Property>
		<Property>
			<Entry>I/O Port</Entry>
			<Description>04D0 - 04D1</Description>
		</Property>
</SubNode>
<SubNode>
	<NodeName>System timer</NodeName>
		<Property>
			<Entry>Device Name</Entry>
			<Description>System timer</Description>
		</Property>
		<Property>
			<Entry>I/O Port</Entry>
			<Description>0040 - 0043</Description>
		</Property>
		<Property>
			<Entry>DMA</Entry>
			<Description>0</Description>
		</Property>
		<Property>
			<Entry>I/O Port</Entry>
			<Description>0040 - 0043</Description>
		</Property>
		<Property>
			<Entry>I/O Port</Entry>
			<Description>0050 - 0053</Description>
		</Property>
		<Property>
			<Entry>IRQ</Entry>
			<Description>0</Description>
		</Property>
</SubNode>
<SubNode>
	<NodeName>High precision event timer</NodeName>
		<Property>
			<Entry>Device Name</Entry>
			<Description>High precision event timer</Description>
		</Property>
		<Property>
			<Entry>Memory Location</Entry>
			<Description>FED00000 - FED003FF</Description>
		</Property>
		<Property>
			<Entry>Memory Location</Entry>
			<Description>FED00000 - FED003FF</Description>
		</Property>
</SubNode>
<SubNode>
	<NodeName>PCI Express Root Complex</NodeName>
		<Property>
			<Entry>Device Name</Entry>
			<Description>PCI Express Root Complex</Description>
		</Property>
		<Property>
			<Entry>I/O Port</Entry>
			<Description>0000 - FFFFFFFF</Description>
		</Property>
		<Property>
			<Entry>Memory Location</Entry>
			<Description>000A0000 - 000BFFFF</Description>
		</Property>
		<Property>
			<Entry>I/O Port</Entry>
			<Description>0000 - 0CF7</Description>
		</Property>
		<Property>
			<Entry>I/O Port</Entry>
			<Description>0D00 - FFFF</Description>
		</Property>
		<Property>
			<Entry>Memory Location</Entry>
			<Description>000A0000 - 000BFFFF</Description>
		</Property>
		<Property>
			<Entry>Memory Location</Entry>
			<Description>7F800000 - DFFFFFFF</Description>
		</Property>
		<Property>
			<Entry>Memory Location</Entry>
			<Description>FC800000 - FE7FFFFF</Description>
		</Property>
</SubNode>
<SubNode>
	<NodeName>Motherboard resources</NodeName>
		<Property>
			<Entry>Device Name</Entry>
			<Description>Motherboard resources</Description>
		</Property>
		<Property>
			<Entry>Memory Location</Entry>
			<Description>FED10000 - FED17FFF</Description>
		</Property>
		<Property>
			<Entry>Memory Location</Entry>
			<Description>FED20000 - FED3FFFF</Description>
		</Property>
		<Property>
			<Entry>Memory Location</Entry>
			<Description>FED10000 - FED17FFF</Description>
		</Property>
		<Property>
			<Entry>Memory Location</Entry>
			<Description>FED18000 - FED18FFF</Description>
		</Property>
		<Property>
			<Entry>Memory Location</Entry>
			<Description>FED19000 - FED19FFF</Description>
		</Property>
		<Property>
			<Entry>Memory Location</Entry>
			<Description>E0000000 - EFFFFFFF</Description>
		</Property>
		<Property>
			<Entry>Memory Location</Entry>
			<Description>FED20000 - FED3FFFF</Description>
		</Property>
		<Property>
			<Entry>Memory Location</Entry>
			<Description>FED90000 - FED93FFF</Description>
		</Property>
		<Property>
			<Entry>Memory Location</Entry>
			<Description>FED45000 - FED8FFFF</Description>
		</Property>
		<Property>
			<Entry>Memory Location</Entry>
			<Description>FEE00000 - FEEFFFFF</Description>
		</Property>
</SubNode>
<SubNode>
	<NodeName>Motherboard resources</NodeName>
		<Property>
			<Entry>Device Name</Entry>
			<Description>Motherboard resources</Description>
		</Property>
		<Property>
			<Entry>I/O Port</Entry>
			<Description>002E - 002F</Description>
		</Property>
		<Property>
			<Entry>I/O Port</Entry>
			<Description>0065</Description>
		</Property>
		<Property>
			<Entry>I/O Port</Entry>
			<Description>0000 - 0067</Description>
		</Property>
		<Property>
			<Entry>I/O Port</Entry>
			<Description>0070</Description>
		</Property>
		<Property>
			<Entry>I/O Port</Entry>
			<Description>0000 - 0091</Description>
		</Property>
		<Property>
			<Entry>IRQ</Entry>
			<Description>1114369</Description>
		</Property>
		<Property>
			<Entry>I/O Port</Entry>
			<Description>002E - 002F</Description>
		</Property>
		<Property>
			<Entry>I/O Port</Entry>
			<Description>004E - 004F</Description>
		</Property>
		<Property>
			<Entry>I/O Port</Entry>
			<Description>0061</Description>
		</Property>
		<Property>
			<Entry>I/O Port</Entry>
			<Description>0063</Description>
		</Property>
		<Property>
			<Entry>I/O Port</Entry>
			<Description>0065</Description>
		</Property>
		<Property>
			<Entry>I/O Port</Entry>
			<Description>0067</Description>
		</Property>
		<Property>
			<Entry>I/O Port</Entry>
			<Description>0068</Description>
		</Property>
		<Property>
			<Entry>I/O Port</Entry>
			<Description>006C</Description>
		</Property>
		<Property>
			<Entry>I/O Port</Entry>
			<Description>0070</Description>
		</Property>
		<Property>
			<Entry>I/O Port</Entry>
			<Description>0080</Description>
		</Property>
		<Property>
			<Entry>I/O Port</Entry>
			<Description>0092</Description>
		</Property>
		<Property>
			<Entry>I/O Port</Entry>
			<Description>00B2 - 00B3</Description>
		</Property>
		<Property>
			<Entry>I/O Port</Entry>
			<Description>0680 - 069F</Description>
		</Property>
		<Property>
			<Entry>I/O Port</Entry>
			<Description>164E - 164F</Description>
		</Property>
		<Property>
			<Entry>I/O Port</Entry>
			<Description>FD60 - FD63</Description>
		</Property>
</SubNode>
<SubNode>
	<NodeName>Motherboard resources</NodeName>
		<Property>
			<Entry>Device Name</Entry>
			<Description>Motherboard resources</Description>
		</Property>
		<Property>
			<Entry>Memory Location</Entry>
			<Description>FD6E0000 - FD6EFFFF</Description>
		</Property>
		<Property>
			<Entry>Memory Location</Entry>
			<Description>FD6E0000 - FD6EFFFF</Description>
		</Property>
		<Property>
			<Entry>Memory Location</Entry>
			<Description>FD6D0000 - FD6DFFFF</Description>
		</Property>
		<Property>
			<Entry>Memory Location</Entry>
			<Description>FD6A0000</Description>
		</Property>
		<Property>
			<Entry>IRQ</Entry>
			<Description>14</Description>
		</Property>
</SubNode>
<SubNode>
	<NodeName>Motherboard resources</NodeName>
		<Property>
			<Entry>Device Name</Entry>
			<Description>Motherboard resources</Description>
		</Property>
		<Property>
			<Entry>I/O Port</Entry>
			<Description>2000 - 20FE</Description>
		</Property>
		<Property>
			<Entry>I/O Port</Entry>
			<Description>2000 - 20FE</Description>
		</Property>
</SubNode>
<SubNode>
	<NodeName>Motherboard resources</NodeName>
		<Property>
			<Entry>Device Name</Entry>
			<Description>Motherboard resources</Description>
		</Property>
		<Property>
			<Entry>Memory Location</Entry>
			<Description>FD000000 - FD69FFFF</Description>
		</Property>
		<Property>
			<Entry>Memory Location</Entry>
			<Description>FE200000 - FE7FFFFF</Description>
		</Property>
		<Property>
			<Entry>I/O Port</Entry>
			<Description>1800 - 18FE</Description>
		</Property>
		<Property>
			<Entry>Memory Location</Entry>
			<Description>FD000000 - FD69FFFF</Description>
		</Property>
		<Property>
			<Entry>Memory Location</Entry>
			<Description>FD6B0000 - FD6CFFFF</Description>
		</Property>
		<Property>
			<Entry>Memory Location</Entry>
			<Description>FD6F0000</Description>
		</Property>
		<Property>
			<Entry>Memory Location</Entry>
			<Description>FE000000</Description>
		</Property>
		<Property>
			<Entry>Memory Location</Entry>
			<Description>FE200000</Description>
		</Property>
		<Property>
			<Entry>Memory Location</Entry>
			<Description>FF000000</Description>
		</Property>
</SubNode>
<SubNode>
	<NodeName>Motherboard resources</NodeName>
		<Property>
			<Entry>Device Name</Entry>
			<Description>Motherboard resources</Description>
		</Property>
		<Property>
			<Entry>Memory Location</Entry>
			<Description>40000000 - 403FFFFF</Description>
		</Property>
		<Property>
			<Entry>Memory Location</Entry>
			<Description>40000000 - 403FFFFF</Description>
		</Property>
</SubNode>
<SubNode>
	<NodeName>Microsoft ACPI-Compliant Embedded Controller</NodeName>
		<Property>
			<Entry>Device Name</Entry>
			<Description>Microsoft ACPI-Compliant Embedded Controller</Description>
		</Property>
		<Property>
			<Entry>I/O Port</Entry>
			<Description>0062</Description>
		</Property>
		<Property>
			<Entry>I/O Port</Entry>
			<Description>0062</Description>
		</Property>
		<Property>
			<Entry>I/O Port</Entry>
			<Description>0066</Description>
		</Property>
</SubNode>
<SubNode>
	<NodeName>Synaptics SMBus TouchPad</NodeName>
		<Property>
			<Entry>Device Name</Entry>
			<Description>Synaptics SMBus TouchPad</Description>
		</Property>
		<Property>
			<Entry>IRQ</Entry>
			<Description>12</Description>
		</Property>
		<Property>
			<Entry>IRQ</Entry>
			<Description>12</Description>
		</Property>
</SubNode>
</SubNode>
<SubNode>
	<NodeName>SMBIOS DMI</NodeName>
<SubNode>
	<NodeName>BIOS</NodeName>
		<Property>
			<Entry>BIOS Vendor</Entry>
			<Description>Insyde</Description>
		</Property>
		<Property>
			<Entry>BIOS Version</Entry>
			<Description>F.33</Description>
		</Property>
		<Property>
			<Entry>BIOS Release Date</Entry>
			<Description>07/31/2020</Description>
		</Property>
		<Property>
			<Entry>BIOS Start Segment</Entry>
			<Description>E000</Description>
		</Property>
		<Property>
			<Entry>BIOS Size</Entry>
			<Description>0 MBytes</Description>
		</Property>
		<Property>
			<Entry>System BIOS Version</Entry>
			<Description>15.33</Description>
		</Property>
		<Property>
			<Entry>Embedded Controller Firmware Version</Entry>
			<Description>70.36</Description>
		</Property>
		<Property>
			<Entry>ISA Support</Entry>
			<Description>Not Present</Description>
		</Property>
		<Property>
			<Entry>MCA Support</Entry>
			<Description>Not Present</Description>
		</Property>
		<Property>
			<Entry>EISA Support</Entry>
			<Description>Not Present</Description>
		</Property>
		<Property>
			<Entry>PCI Support</Entry>
			<Description>Present</Description>
		</Property>
		<Property>
			<Entry>PC Card (PCMCIA) Support</Entry>
			<Description>Not Present</Description>
		</Property>
		<Property>
			<Entry>Plug-and-Play Support</Entry>
			<Description>Not Present</Description>
		</Property>
		<Property>
			<Entry>APM Support</Entry>
			<Description>Not Present</Description>
		</Property>
		<Property>
			<Entry>Flash BIOS</Entry>
			<Description>Present</Description>
		</Property>
		<Property>
			<Entry>BIOS Shadow</Entry>
			<Description>Present</Description>
		</Property>
		<Property>
			<Entry>VL-VESA Support</Entry>
			<Description>Not Present</Description>
		</Property>
		<Property>
			<Entry>ESCD Support</Entry>
			<Description>Not Present</Description>
		</Property>
		<Property>
			<Entry>Boot from CD</Entry>
			<Description>Present</Description>
		</Property>
		<Property>
			<Entry>Selectable Boot</Entry>
			<Description>Present</Description>
		</Property>
		<Property>
			<Entry>BIOS ROM Socketed</Entry>
			<Description>Not Present</Description>
		</Property>
		<Property>
			<Entry>Boot from PC Card</Entry>
			<Description>Not Present</Description>
		</Property>
		<Property>
			<Entry>EDD Support</Entry>
			<Description>Present</Description>
		</Property>
		<Property>
			<Entry>NEC PC-98 Support</Entry>
			<Description>Not Present</Description>
		</Property>
		<Property>
			<Entry>ACPI Support</Entry>
			<Description>Present</Description>
		</Property>
		<Property>
			<Entry>USB Legacy Support</Entry>
			<Description>Present</Description>
		</Property>
		<Property>
			<Entry>AGP Support</Entry>
			<Description>Not Present</Description>
		</Property>
		<Property>
			<Entry>I2O Boot Support</Entry>
			<Description>Not Present</Description>
		</Property>
		<Property>
			<Entry>LS-120 Boot Support</Entry>
			<Description>Not Present</Description>
		</Property>
		<Property>
			<Entry>ATAPI ZIP Drive Boot Support</Entry>
			<Description>Not Present</Description>
		</Property>
		<Property>
			<Entry>IEE1394 Boot Support</Entry>
			<Description>Not Present</Description>
		</Property>
		<Property>
			<Entry>Smart Battery Support</Entry>
			<Description>Not Present</Description>
		</Property>
		<Property>
			<Entry>BIOS Boot Specification Support</Entry>
			<Description>Present</Description>
		</Property>
		<Property>
			<Entry>Function key-initiated Network Service Boot Support</Entry>
			<Description>Not Present</Description>
		</Property>
		<Property>
			<Entry>Targeted Content Distribution Support</Entry>
			<Description>Present</Description>
		</Property>
		<Property>
			<Entry>UEFI Specification Support</Entry>
			<Description>Present</Description>
		</Property>
		<Property>
			<Entry>Virtual Machine</Entry>
			<Description>Not Present</Description>
		</Property>
</SubNode>
<SubNode>
	<NodeName>System</NodeName>
		<Property>
			<Entry>System Manufacturer</Entry>
			<Description>HP</Description>
		</Property>
		<Property>
			<Entry>Product Name</Entry>
			<Description>HP Laptop 15-da1xxx</Description>
		</Property>
		<Property>
			<Entry>Product Version</Entry>
			<Description>Type1ProductConfigId</Description>
		</Property>
		<Property>
			<Entry>Product Serial Number</Entry>
			<Description>CND9223KZ3</Description>
		</Property>
		<Property>
			<Entry>UUID</Entry>
			<Description>{5EE39334-EF80-E911-8101-80E82C7089B3}</Description>
		</Property>
		<Property>
			<Entry>SKU Number</Entry>
			<Description>7MW54PA#ACJ</Description>
		</Property>
		<Property>
			<Entry>Family</Entry>
			<Description>103C_5335KV HP Notebook</Description>
		</Property>
</SubNode>
<SubNode>
	<NodeName>Mainboard</NodeName>
		<Property>
			<Entry>Mainboard Manufacturer</Entry>
			<Description>HP</Description>
		</Property>
		<Property>
			<Entry>Mainboard Name</Entry>
			<Description>8532</Description>
		</Property>
		<Property>
			<Entry>Mainboard Version</Entry>
			<Description>70.36</Description>
		</Property>
		<Property>
			<Entry>Mainboard Serial Number</Entry>
			<Description>PHRXHC21UCC4TK</Description>
		</Property>
		<Property>
			<Entry>Asset Tag</Entry>
			<Description>Type2 - Board Asset Tag</Description>
		</Property>
		<Property>
			<Entry>Location in chassis</Entry>
			<Description>Type2 - Board Chassis Location</Description>
		</Property>
</SubNode>
<SubNode>
	<NodeName>System Enclosure</NodeName>
		<Property>
			<Entry>Manufacturer</Entry>
			<Description>HP</Description>
		</Property>
		<Property>
			<Entry>Case Type</Entry>
			<Description>Notebook</Description>
		</Property>
		<Property>
			<Entry>Version</Entry>
			<Description>Chassis Version</Description>
		</Property>
		<Property>
			<Entry>Serial Number</Entry>
			<Description>CND9223KZ3</Description>
		</Property>
		<Property>
			<Entry>Asset Tag Number</Entry>
			<Description>Chassis Asset Tag</Description>
		</Property>
</SubNode>
<SubNode>
	<NodeName>Processor</NodeName>
		<Property>
			<Entry>Processor Manufacturer</Entry>
			<Description>Intel(R) Corporation</Description>
		</Property>
		<Property>
			<Entry>Processor Version</Entry>
			<Description>Intel(R) Core(TM) i5-8265U CPU @ 1.60GHz</Description>
		</Property>
		<Property>
			<Entry>External Clock</Entry>
			<Description>100 MHz</Description>
		</Property>
		<Property>
			<Entry>Maximum Clock Supported</Entry>
			<Description>3900 MHz</Description>
		</Property>
		<Property>
			<Entry>Current Clock</Entry>
			<Description>1485 MHz</Description>
		</Property>
		<Property>
			<Entry>CPU Socket</Entry>
			<Description>Populated</Description>
		</Property>
		<Property>
			<Entry>CPU Status</Entry>
			<Description>Enabled</Description>
		</Property>
		<Property>
			<Entry>Processor Type</Entry>
			<Description>Central Processor</Description>
		</Property>
		<Property>
			<Entry>Processor Voltage</Entry>
			<Description>0.7 V</Description>
		</Property>
		<Property>
			<Entry>Processor Upgrade</Entry>
			<Description>Socket BGA1528</Description>
		</Property>
		<Property>
			<Entry>Socket Designation</Entry>
			<Description>U3E1</Description>
		</Property>
</SubNode>
<SubNode>
	<NodeName>L1 Cache</NodeName>
		<Property>
			<Entry>Socket Designation</Entry>
			<Description>L1 Cache</Description>
		</Property>
		<Property>
			<Entry>Cache State</Entry>
			<Description>Enabled</Description>
		</Property>
		<Property>
			<Entry>Cache Location</Entry>
			<Description>Internal</Description>
		</Property>
		<Property>
			<Entry>Cache Type</Entry>
			<Description>L1 Unified</Description>
		</Property>
		<Property>
			<Entry>Cache Scheme</Entry>
			<Description>Write-Back</Description>
		</Property>
		<Property>
			<Entry>Supported SRAM Type</Entry>
			<Description>Synchronous</Description>
		</Property>
		<Property>
			<Entry>Current SRAM Type</Entry>
			<Description>Synchronous</Description>
		</Property>
		<Property>
			<Entry>Cache Speed</Entry>
			<Description>Unknown</Description>
		</Property>
		<Property>
			<Entry>Error Correction Type</Entry>
			<Description>Parity</Description>
		</Property>
		<Property>
			<Entry>Maximum Cache Size</Entry>
			<Description>256 KBytes</Description>
		</Property>
		<Property>
			<Entry>Installed Cache Size</Entry>
			<Description>Parity</Description>
		</Property>
		<Property>
			<Entry>Cache Associativity</Entry>
			<Description>8-way Set-Associative</Description>
		</Property>
</SubNode>
<SubNode>
	<NodeName>L2 Cache</NodeName>
		<Property>
			<Entry>Socket Designation</Entry>
			<Description>L2 Cache</Description>
		</Property>
		<Property>
			<Entry>Cache State</Entry>
			<Description>Enabled</Description>
		</Property>
		<Property>
			<Entry>Cache Location</Entry>
			<Description>Internal</Description>
		</Property>
		<Property>
			<Entry>Cache Type</Entry>
			<Description>L2 Unified</Description>
		</Property>
		<Property>
			<Entry>Cache Scheme</Entry>
			<Description>Write-Back</Description>
		</Property>
		<Property>
			<Entry>Supported SRAM Type</Entry>
			<Description>Synchronous</Description>
		</Property>
		<Property>
			<Entry>Current SRAM Type</Entry>
			<Description>Synchronous</Description>
		</Property>
		<Property>
			<Entry>Cache Speed</Entry>
			<Description>Unknown</Description>
		</Property>
		<Property>
			<Entry>Error Correction Type</Entry>
			<Description>Single-bit ECC</Description>
		</Property>
		<Property>
			<Entry>Maximum Cache Size</Entry>
			<Description>1024 KBytes</Description>
		</Property>
		<Property>
			<Entry>Installed Cache Size</Entry>
			<Description>Single-bit ECC</Description>
		</Property>
		<Property>
			<Entry>Cache Associativity</Entry>
			<Description>4-way Set-Associative</Description>
		</Property>
</SubNode>
<SubNode>
	<NodeName>L3 Cache</NodeName>
		<Property>
			<Entry>Socket Designation</Entry>
			<Description>L3 Cache</Description>
		</Property>
		<Property>
			<Entry>Cache State</Entry>
			<Description>Enabled</Description>
		</Property>
		<Property>
			<Entry>Cache Location</Entry>
			<Description>Internal</Description>
		</Property>
		<Property>
			<Entry>Cache Type</Entry>
			<Description>L3 Unified</Description>
		</Property>
		<Property>
			<Entry>Cache Scheme</Entry>
			<Description>Write-Back</Description>
		</Property>
		<Property>
			<Entry>Supported SRAM Type</Entry>
			<Description>Synchronous</Description>
		</Property>
		<Property>
			<Entry>Current SRAM Type</Entry>
			<Description>Synchronous</Description>
		</Property>
		<Property>
			<Entry>Cache Speed</Entry>
			<Description>Unknown</Description>
		</Property>
		<Property>
			<Entry>Error Correction Type</Entry>
			<Description>Multi-bit ECC</Description>
		</Property>
		<Property>
			<Entry>Maximum Cache Size</Entry>
			<Description>6144 KBytes</Description>
		</Property>
		<Property>
			<Entry>Installed Cache Size</Entry>
			<Description>Multi-bit ECC</Description>
		</Property>
		<Property>
			<Entry>Cache Associativity</Entry>
			<Description>12-way Set-Associative</Description>
		</Property>
</SubNode>
<SubNode>
	<NodeName>OEM Strings</NodeName>
		<Property>
			<Entry></Entry>
			<Description>$HP$</Description>
		</Property>
		<Property>
			<Entry></Entry>
			<Description>LOC#ABA</Description>
		</Property>
		<Property>
			<Entry></Entry>
			<Description>BCU_Y</Description>
		</Property>
		<Property>
			<Entry></Entry>
			<Description>ABS 70/71 78 79 7A 7B</Description>
		</Property>
		<Property>
			<Entry></Entry>
			<Description>OemString5</Description>
		</Property>
		<Property>
			<Entry></Entry>
			<Description>HP_Mute_LED_P_G</Description>
		</Property>
		<Property>
			<Entry></Entry>
			<Description>FBYTE#3K3Q6b7B7K7P7W7zaBapaqarawbCbhcbd8dUdpdqfPhwjC.dT;</Description>
		</Property>
		<Property>
			<Entry></Entry>
			<Description>BUILDID#18WW2P5T601#SACJ#DACJ;</Description>
		</Property>
		<Property>
			<Entry></Entry>
			<Description>OemString9</Description>
		</Property>
</SubNode>
<SubNode>
	<NodeName>System Configuration Options</NodeName>
		<Property>
			<Entry></Entry>
			<Description>ConfigOptions1</Description>
		</Property>
		<Property>
			<Entry></Entry>
			<Description>ConfigOptions2</Description>
		</Property>
		<Property>
			<Entry></Entry>
			<Description>ConfigOptions3</Description>
		</Property>
		<Property>
			<Entry></Entry>
			<Description>ConfigOptions4</Description>
		</Property>
		<Property>
			<Entry></Entry>
			<Description>ConfigOptions5</Description>
		</Property>
		<Property>
			<Entry></Entry>
			<Description>ConfigOptions6</Description>
		</Property>
		<Property>
			<Entry></Entry>
			<Description>ConfigOptions7</Description>
		</Property>
		<Property>
			<Entry></Entry>
			<Description>ConfigOptions8</Description>
		</Property>
</SubNode>
<SubNode>
	<NodeName>BIOS Language</NodeName>
		<Property>
			<Entry></Entry>
			<Description>en|US|iso8859-1,0 &lt;Active&gt;</Description>
		</Property>
		<Property>
			<Entry></Entry>
			<Description>fr|FR|iso8859-1,0</Description>
		</Property>
		<Property>
			<Entry></Entry>
			<Description>es|ES|iso8859-1,0</Description>
		</Property>
		<Property>
			<Entry></Entry>
			<Description>zh|TW|unicode,0</Description>
		</Property>
		<Property>
			<Entry></Entry>
			<Description>zh|CN|unicode,0</Description>
		</Property>
</SubNode>
<SubNode>
	<NodeName>Group Associations</NodeName>
</SubNode>
<SubNode>
	<NodeName>Group Associations</NodeName>
</SubNode>
<SubNode>
	<NodeName>Group Associations</NodeName>
</SubNode>
<SubNode>
	<NodeName>System Event Log</NodeName>
</SubNode>
<SubNode>
	<NodeName>Built-in Pointing Device</NodeName>
		<Property>
			<Entry>Device Type</Entry>
			<Description>Touch Pad</Description>
		</Property>
		<Property>
			<Entry>Interface Type</Entry>
			<Description>PS/2</Description>
		</Property>
		<Property>
			<Entry>Number of Buttons</Entry>
			<Description>4</Description>
		</Property>
</SubNode>
<SubNode>
	<NodeName>Portable Battery</NodeName>
		<Property>
			<Entry>Battery Location</Entry>
			<Description>Primary</Description>
		</Property>
		<Property>
			<Entry>Battery Manufacturer</Entry>
			<Description>333-27-33-A</Description>
		</Property>
		<Property>
			<Entry>Manufacture Date</Entry>
			<Description>0</Description>
		</Property>
		<Property>
			<Entry>Serial Number</Entry>
			<Description>05804 04/11/2019</Description>
		</Property>
		<Property>
			<Entry>Device Name</Entry>
			<Description>HT03041</Description>
		</Property>
		<Property>
			<Entry>Device Chemistry</Entry>
			<Description>Unknown</Description>
		</Property>
		<Property>
			<Entry>Design Capacity</Entry>
			<Description>41050 mWh</Description>
		</Property>
		<Property>
			<Entry>Design Voltage</Entry>
			<Description>11340 mV</Description>
		</Property>
		<Property>
			<Entry>SBDS Verison Number</Entry>
			<Description>1</Description>
		</Property>
		<Property>
			<Entry>Max. Error in Battery Data</Entry>
			<Description>1</Description>
		</Property>
		<Property>
			<Entry>SBDS Serial Number</Entry>
			<Description>5804</Description>
		</Property>
		<Property>
			<Entry>SBDS Manufacture Date</Entry>
			<Description>4/11/35</Description>
		</Property>
		<Property>
			<Entry>SBDS Device Chemistry</Entry>
			<Description>LION</Description>
		</Property>
</SubNode>
<SubNode>
	<NodeName>Hardware Security</NodeName>
		<Property>
			<Entry>Power-on Password</Entry>
			<Description>Not implemented</Description>
		</Property>
		<Property>
			<Entry>Keyboard Password</Entry>
			<Description>Not implemented</Description>
		</Property>
		<Property>
			<Entry>Administrator Password</Entry>
			<Description>Disabled</Description>
		</Property>
		<Property>
			<Entry>Front Panel Reset</Entry>
			<Description>Not implemented</Description>
		</Property>
</SubNode>
<SubNode>
	<NodeName>Voltage Probe</NodeName>
		<Property>
			<Entry>Description</Entry>
			<Description>Voltage Probe Description</Description>
		</Property>
		<Property>
			<Entry>Location</Entry>
			<Description>Unknown</Description>
		</Property>
		<Property>
			<Entry>Status</Entry>
			<Description>Unknown</Description>
		</Property>
		<Property>
			<Entry>Maximum Value</Entry>
			<Description>Unknown</Description>
		</Property>
		<Property>
			<Entry>Minimum Value</Entry>
			<Description>Unknown</Description>
		</Property>
		<Property>
			<Entry>Resolution</Entry>
			<Description>Unknown</Description>
		</Property>
		<Property>
			<Entry>Tolerance</Entry>
			<Description>Unknown</Description>
		</Property>
		<Property>
			<Entry>Accuracy</Entry>
			<Description>Unknown</Description>
		</Property>
</SubNode>
<SubNode>
	<NodeName>Cooling Device</NodeName>
		<Property>
			<Entry>Type</Entry>
			<Description>Fan</Description>
		</Property>
		<Property>
			<Entry>Description</Entry>
			<Description>Cooling Device Description</Description>
		</Property>
		<Property>
			<Entry>Status</Entry>
			<Description>OK</Description>
		</Property>
		<Property>
			<Entry>Nominal Speed</Entry>
			<Description>8192 RPM</Description>
		</Property>
</SubNode>
<SubNode>
	<NodeName>Temperature Probe</NodeName>
		<Property>
			<Entry>Description</Entry>
			<Description>Temperature Probe Description</Description>
		</Property>
		<Property>
			<Entry>Location</Entry>
			<Description>Unknown</Description>
		</Property>
		<Property>
			<Entry>Status</Entry>
			<Description>Unknown</Description>
		</Property>
		<Property>
			<Entry>Maximum Value</Entry>
			<Description>Unknown</Description>
		</Property>
		<Property>
			<Entry>Minimum Value</Entry>
			<Description>Unknown</Description>
		</Property>
		<Property>
			<Entry>Nominal Value</Entry>
			<Description>Unknown</Description>
		</Property>
		<Property>
			<Entry>Resolution</Entry>
			<Description>Unknown</Description>
		</Property>
		<Property>
			<Entry>Tolerance</Entry>
			<Description>Unknown</Description>
		</Property>
		<Property>
			<Entry>Accuracy</Entry>
			<Description>Unknown</Description>
		</Property>
</SubNode>
<SubNode>
	<NodeName>System Boot Information</NodeName>
		<Property>
			<Entry>Boot Status</Entry>
			<Description>No error occurred</Description>
		</Property>
</SubNode>
<SubNode>
	<NodeName>System Power Supply</NodeName>
		<Property>
			<Entry>Location</Entry>
			<Description>OEM Define 0</Description>
		</Property>
		<Property>
			<Entry>Device Name</Entry>
			<Description>OEM Define 1</Description>
		</Property>
		<Property>
			<Entry>Manufacturer</Entry>
			<Description>OEM Define 2</Description>
		</Property>
		<Property>
			<Entry>Serial Number</Entry>
			<Description>OEM Define 3</Description>
		</Property>
		<Property>
			<Entry>Asset Tag Number</Entry>
			<Description>OEM Define 4</Description>
		</Property>
		<Property>
			<Entry>Model Part Number</Entry>
			<Description>OEM Define 5</Description>
		</Property>
		<Property>
			<Entry>Revision Level</Entry>
			<Description>OEM Define 6</Description>
		</Property>
		<Property>
			<Entry>Max Power Capacity</Entry>
			<Description>75 mW</Description>
		</Property>
		<Property>
			<Entry>Power Supply Status</Entry>
			<Description>Not Present</Description>
		</Property>
		<Property>
			<Entry>Power Supply Type</Entry>
			<Description>Regulator</Description>
		</Property>
		<Property>
			<Entry>Power Status</Entry>
			<Description>OK</Description>
		</Property>
		<Property>
			<Entry>Hot replaceable</Entry>
			<Description>No</Description>
		</Property>
		<Property>
			<Entry>Unplugged from wall</Entry>
			<Description>Yes</Description>
		</Property>
</SubNode>
<SubNode>
	<NodeName>Additional Information</NodeName>
		<Property>
			<Entry></Entry>
			<Description>  </Description>
		</Property>
		<Property>
			<Entry></Entry>
			<Description> </Description>
		</Property>
</SubNode>
<SubNode>
	<NodeName>On Board Device</NodeName>
		<Property>
			<Entry>Device Description</Entry>
			<Description>Realtek Gaming GBE Family Controller</Description>
		</Property>
		<Property>
			<Entry>Device Type</Entry>
			<Description>Ethernet Adapter</Description>
		</Property>
		<Property>
			<Entry>Device Status</Entry>
			<Description>Enabled</Description>
		</Property>
</SubNode>
<SubNode>
	<NodeName>On Board Device</NodeName>
		<Property>
			<Entry>Device Description</Entry>
			<Description>WLAN</Description>
		</Property>
		<Property>
			<Entry>Device Type</Entry>
			<Description>Unknown</Description>
		</Property>
		<Property>
			<Entry>Device Status</Entry>
			<Description>Enabled</Description>
		</Property>
</SubNode>
<SubNode>
	<NodeName>Intel ASF</NodeName>
		<Property>
			<Entry>Intel ASF Status</Entry>
			<Description>Enabled</Description>
		</Property>
</SubNode>
<SubNode>
	<NodeName>Intel AMT</NodeName>
		<Property>
			<Entry>Intel AMT Support</Entry>
			<Description>Supported</Description>
		</Property>
		<Property>
			<Entry>Intel AMT Status</Entry>
			<Description>Enabled</Description>
		</Property>
		<Property>
			<Entry>IDE-R Status</Entry>
			<Description>Enabled</Description>
		</Property>
		<Property>
			<Entry>SOL Status</Entry>
			<Description>Enabled</Description>
		</Property>
		<Property>
			<Entry>Network Interface</Entry>
			<Description>Enabled</Description>
		</Property>
</SubNode>
<SubNode>
	<NodeName>Intel vPro</NodeName>
		<Property>
			<Entry>CPU VT-x Support</Entry>
			<Description>Supported</Description>
		</Property>
		<Property>
			<Entry>CPU VT-x Status</Entry>
			<Description>Enabled</Description>
		</Property>
		<Property>
			<Entry>CPU VT-x2 Support</Entry>
			<Description>Not Supported</Description>
		</Property>
		<Property>
			<Entry>CPU VT-x2 Status</Entry>
			<Description>Disabled</Description>
		</Property>
		<Property>
			<Entry>CPU TXT Support</Entry>
			<Description>Not Supported</Description>
		</Property>
		<Property>
			<Entry>CPU TXT Status</Entry>
			<Description>Disabled</Description>
		</Property>
		<Property>
			<Entry>CPU VMX Status</Entry>
			<Description>Enabled</Description>
		</Property>
		<Property>
			<Entry>CPU SMX Status</Entry>
			<Description>Disabled</Description>
		</Property>
		<Property>
			<Entry>Intel ME Status</Entry>
			<Description>Enabled</Description>
		</Property>
		<Property>
			<Entry>Intel OST Firmware Support</Entry>
			<Description>Not Supported</Description>
		</Property>
		<Property>
			<Entry>Intel ASF Firmware Support</Entry>
			<Description>Not Supported</Description>
		</Property>
		<Property>
			<Entry>Intel AMT Pro Firmware Support</Entry>
			<Description>Not Supported</Description>
		</Property>
		<Property>
			<Entry>Intel AMT Basic Firmware Support</Entry>
			<Description>Not Supported</Description>
		</Property>
		<Property>
			<Entry>Intel TPM Firmware Support</Entry>
			<Description>Not Supported</Description>
		</Property>
		<Property>
			<Entry>Intel Castle Peak Support</Entry>
			<Description>Not Supported</Description>
		</Property>
		<Property>
			<Entry>Intel WoX Support</Entry>
			<Description>Not Supported</Description>
		</Property>
		<Property>
			<Entry>Intel Virtualization Engine Support</Entry>
			<Description>Not Supported</Description>
		</Property>
		<Property>
			<Entry>Intel Anti-Theft Technology Support</Entry>
			<Description>Not Supported</Description>
		</Property>
		<Property>
			<Entry>TPM On-board</Entry>
			<Description>Not Supported</Description>
		</Property>
		<Property>
			<Entry>Intel Anti-Theft Technology Enrolled</Entry>
			<Description>Not Supported</Description>
		</Property>
		<Property>
			<Entry>Intel ME Version</Entry>
			<Description>v12.0, Build 1551, Hotfix 64</Description>
		</Property>
		<Property>
			<Entry>BIOS VT-x Support</Entry>
			<Description>Not Supported</Description>
		</Property>
		<Property>
			<Entry>BIOS VT-d Support</Entry>
			<Description>Supported</Description>
		</Property>
		<Property>
			<Entry>BIOS TXT Support</Entry>
			<Description>Supported</Description>
		</Property>
		<Property>
			<Entry>BIOS TPM Support</Entry>
			<Description>Not Supported</Description>
		</Property>
		<Property>
			<Entry>BIOS ME Support</Entry>
			<Description>Not Supported</Description>
		</Property>
		<Property>
			<Entry>BIOS VA Extensions Support</Entry>
			<Description>Supported</Description>
		</Property>
		<Property>
			<Entry>Intel AT PBA For Recovery Support</Entry>
			<Description>Not Supported</Description>
		</Property>
		<Property>
			<Entry>Intel AT WWAN Support</Entry>
			<Description>Not Supported</Description>
		</Property>
</SubNode>
<SubNode>
	<NodeName>Memory Devices</NodeName>
<SubNode>
	<NodeName>Physical Memory Array</NodeName>
		<Property>
			<Entry>Array Location</Entry>
			<Description>System board</Description>
		</Property>
		<Property>
			<Entry>Array Use</Entry>
			<Description>System memory</Description>
		</Property>
		<Property>
			<Entry>Error Detecting Method</Entry>
			<Description>None</Description>
		</Property>
		<Property>
			<Entry>Memory Capacity</Entry>
			<Description>32 GBytes</Description>
		</Property>
		<Property>
			<Entry>Memory Devices</Entry>
			<Description>2</Description>
		</Property>
</SubNode>
<SubNode>
	<NodeName>Memory Device</NodeName>
		<Property>
			<Entry>Total Width</Entry>
			<Description>64 bits</Description>
		</Property>
		<Property>
			<Entry>Data Width</Entry>
			<Description>64 bits</Description>
		</Property>
		<Property>
			<Entry>Device Size</Entry>
			<Description>4096 MBytes</Description>
		</Property>
		<Property>
			<Entry>Device Form Factor</Entry>
			<Description>SODIMM</Description>
		</Property>
		<Property>
			<Entry>Device Locator</Entry>
			<Description>Bottom-Slot 1(left)</Description>
		</Property>
		<Property>
			<Entry>Bank Locator</Entry>
			<Description>BANK 0</Description>
		</Property>
		<Property>
			<Entry>Device Type</Entry>
			<Description>DDR4</Description>
		</Property>
		<Property>
			<Entry>Device Type Detail</Entry>
			<Description>Synchronous</Description>
		</Property>
		<Property>
			<Entry>Memory Speed</Entry>
			<Description>2400 MHz</Description>
		</Property>
		<Property>
			<Entry>Manufacturer</Entry>
			<Description>Samsung</Description>
		</Property>
		<Property>
			<Entry>Serial Number</Entry>
			<Description>72546694</Description>
		</Property>
		<Property>
			<Entry>Part Number</Entry>
			<Description>M471A5244CB0-CTD    </Description>
		</Property>
		<Property>
			<Entry>Asset Tag</Entry>
			<Description>9876543210</Description>
		</Property>
</SubNode>
<SubNode>
	<NodeName>Memory Device</NodeName>
		<Property>
			<Entry>Total Width</Entry>
			<Description>64 bits</Description>
		</Property>
		<Property>
			<Entry>Data Width</Entry>
			<Description>64 bits</Description>
		</Property>
		<Property>
			<Entry>Device Size</Entry>
			<Description>4096 MBytes</Description>
		</Property>
		<Property>
			<Entry>Device Form Factor</Entry>
			<Description>SODIMM</Description>
		</Property>
		<Property>
			<Entry>Device Locator</Entry>
			<Description>Bottom-Slot 2(right)</Description>
		</Property>
		<Property>
			<Entry>Bank Locator</Entry>
			<Description>BANK 2</Description>
		</Property>
		<Property>
			<Entry>Device Type</Entry>
			<Description>DDR4</Description>
		</Property>
		<Property>
			<Entry>Device Type Detail</Entry>
			<Description>Synchronous</Description>
		</Property>
		<Property>
			<Entry>Memory Speed</Entry>
			<Description>2400 MHz</Description>
		</Property>
		<Property>
			<Entry>Manufacturer</Entry>
			<Description>SK Hynix</Description>
		</Property>
		<Property>
			<Entry>Serial Number</Entry>
			<Description>00000000</Description>
		</Property>
		<Property>
			<Entry>Part Number</Entry>
			<Description>AARVEX TECHNOLOGY   </Description>
		</Property>
		<Property>
			<Entry>Asset Tag</Entry>
			<Description>9876543210</Description>
		</Property>
</SubNode>
<SubNode>
	<NodeName>Memory Array Mapped Address</NodeName>
		<Property>
			<Entry>Starting Address</Entry>
			<Description>00000000</Description>
		</Property>
		<Property>
			<Entry>Ending Address</Entry>
			<Description>007FFFFF</Description>
		</Property>
		<Property>
			<Entry>Partition Width</Entry>
			<Description>2</Description>
		</Property>
</SubNode>
<SubNode>
	<NodeName>Memory Device Mapped Address</NodeName>
		<Property>
			<Entry>Starting Address</Entry>
			<Description>00000000</Description>
		</Property>
		<Property>
			<Entry>Ending Address</Entry>
			<Description>003FFFFF</Description>
		</Property>
		<Property>
			<Entry>Partition Row Position</Entry>
			<Description>1</Description>
		</Property>
		<Property>
			<Entry>Interleave Position</Entry>
			<Description>1</Description>
		</Property>
		<Property>
			<Entry>Interleave Data Depth</Entry>
			<Description>1</Description>
		</Property>
</SubNode>
<SubNode>
	<NodeName>Memory Device Mapped Address</NodeName>
		<Property>
			<Entry>Starting Address</Entry>
			<Description>00000000</Description>
		</Property>
		<Property>
			<Entry>Ending Address</Entry>
			<Description>003FFFFF</Description>
		</Property>
		<Property>
			<Entry>Partition Row Position</Entry>
			<Description>1</Description>
		</Property>
		<Property>
			<Entry>Interleave Position</Entry>
			<Description>2</Description>
		</Property>
		<Property>
			<Entry>Interleave Data Depth</Entry>
			<Description>1</Description>
		</Property>
</SubNode>
</SubNode>
<SubNode>
	<NodeName>Port Connectors</NodeName>
<SubNode>
	<NodeName>SATA</NodeName>
		<Property>
			<Entry>Port Type</Entry>
			<Description>SATA</Description>
		</Property>
		<Property>
			<Entry>Internal Reference</Entry>
			<Description>Ctrl0Port5</Description>
		</Property>
		<Property>
			<Entry>Internal Connector Type</Entry>
			<Description>SAS/SATA Plug Receptacle</Description>
		</Property>
		<Property>
			<Entry>External Reference</Entry>
			<Description>HDD1</Description>
		</Property>
		<Property>
			<Entry>External Connector Type</Entry>
			<Description>SAS/SATA Plug Receptacle</Description>
		</Property>
</SubNode>
</SubNode>
<SubNode>
	<NodeName>System Slots</NodeName>
<SubNode>
	<NodeName>M.2 SSD</NodeName>
		<Property>
			<Entry>Slot Designation</Entry>
			<Description>M.2 SSD</Description>
		</Property>
		<Property>
			<Entry>Slot Type</Entry>
			<Description>PCI Express Gen3 x4</Description>
		</Property>
		<Property>
			<Entry>Slot Usage</Entry>
			<Description>In use</Description>
		</Property>
		<Property>
			<Entry>Slot Data Bus Width</Entry>
			<Description>4x / x4</Description>
		</Property>
		<Property>
			<Entry>Slot Length</Entry>
			<Description>Long</Description>
		</Property>
		<Property>
			<Entry>Base Bus:Device:Function Number</Entry>
			<Description>0:29:0</Description>
		</Property>
</SubNode>
</SubNode>
</SubNode>
<SubNode>
	<NodeName>Intel Management Engine</NodeName>
		<Property>
			<Entry>ME Current Working State</Entry>
			<Description>Normal</Description>
		</Property>
		<Property>
			<Entry>Manufacturing Mode</Entry>
			<Description>Not Active</Description>
		</Property>
		<Property>
			<Entry>ME Current Operation Mode</Entry>
			<Description>Normal</Description>
		</Property>
		<Property>
			<Entry>Boot Guard Status</Entry>
			<Description>Enabled</Description>
		</Property>
		<Property>
			<Entry>Boot Guard Verified Boot Policy</Entry>
			<Description>Disabled</Description>
		</Property>
		<Property>
			<Entry>Boot Guard Measured Boot Policy</Entry>
			<Description>Disabled</Description>
		</Property>
		<Property>
			<Entry>Intel ME Version</Entry>
			<Description>12.0, Build 1551, Hot Fix 64</Description>
		</Property>
		<Property>
			<Entry>Intel ME Recovery Image Version</Entry>
			<Description>12.0, Build 1551, Hot Fix 64</Description>
		</Property>
		<Property>
			<Entry>Intel ME FITC Version</Entry>
			<Description>12.0, Build 1307, Hot Fix 20</Description>
		</Property>
		<Property>
			<Entry>Full Network Manageability</Entry>
			<Description>Not Capable</Description>
		</Property>
		<Property>
			<Entry>Standard Network Manageability</Entry>
			<Description>Not Capable</Description>
		</Property>
		<Property>
			<Entry>Manageability (AMT)</Entry>
			<Description>Not Capable</Description>
		</Property>
		<Property>
			<Entry>Small Business Advantage</Entry>
			<Description>Not Capable</Description>
		</Property>
		<Property>
			<Entry>Intel Integrated Touch</Entry>
			<Description>Not Capable</Description>
		</Property>
		<Property>
			<Entry>Intel Anti-Theft</Entry>
			<Description>Not Capable</Description>
		</Property>
		<Property>
			<Entry>Capability Licensing Service</Entry>
			<Description>Capable</Description>
		</Property>
		<Property>
			<Entry>Virtualization Engine</Entry>
			<Description>Not Capable</Description>
		</Property>
		<Property>
			<Entry>Intel Sensor Hub (ISH)</Entry>
			<Description>Not Capable</Description>
		</Property>
		<Property>
			<Entry>ICC Over Clocking</Entry>
			<Description>Not Capable</Description>
		</Property>
		<Property>
			<Entry>Protected Audio Video Path (PAVP)</Entry>
			<Description>Capable</Description>
		</Property>
		<Property>
			<Entry>Network Frame Forwarder (NFF)</Entry>
			<Description>Not Capable</Description>
		</Property>
		<Property>
			<Entry>Remote PC Assist (RPAT)</Entry>
			<Description>Capable</Description>
		</Property>
		<Property>
			<Entry>IPV6</Entry>
			<Description>Not Capable</Description>
		</Property>
		<Property>
			<Entry>KVM Remote Control</Entry>
			<Description>Not Capable</Description>
		</Property>
		<Property>
			<Entry>Outbreak Containment Heuristic (OCH)</Entry>
			<Description>Not Capable</Description>
		</Property>
		<Property>
			<Entry>Dynamic Application Loader (DAL)</Entry>
			<Description>Capable</Description>
		</Property>
		<Property>
			<Entry>Cipher Transport Layer (TLS)</Entry>
			<Description>Not Capable</Description>
		</Property>
		<Property>
			<Entry>Wireless LAN (WLAN)</Entry>
			<Description>Not Capable</Description>
		</Property>
		<Property>
			<Entry>Platform Trust Technology (PTT)</Entry>
			<Description>Capable</Description>
		</Property>
		<Property>
			<Entry>Near Field Communication (NFC)</Entry>
			<Description>Not Capable</Description>
		</Property>
		<Property>
			<Entry>Full Network Manageability</Entry>
			<Description>Disabled</Description>
		</Property>
		<Property>
			<Entry>Standard Network Manageability</Entry>
			<Description>Disabled</Description>
		</Property>
		<Property>
			<Entry>Manageability (AMT)</Entry>
			<Description>Disabled</Description>
		</Property>
		<Property>
			<Entry>Small Business Advantage</Entry>
			<Description>Not Capable</Description>
		</Property>
		<Property>
			<Entry>MEI3</Entry>
			<Description>Not Capable</Description>
		</Property>
		<Property>
			<Entry>Intel Anti-Theft</Entry>
			<Description>Disabled</Description>
		</Property>
		<Property>
			<Entry>Capability Licensing Service</Entry>
			<Description>Enabled</Description>
		</Property>
		<Property>
			<Entry>Virtualization Engine</Entry>
			<Description>Disabled</Description>
		</Property>
		<Property>
			<Entry>Intel Sensor Hub (ISH)</Entry>
			<Description>Disabled</Description>
		</Property>
		<Property>
			<Entry>ICC Over Clocking</Entry>
			<Description>Disabled</Description>
		</Property>
		<Property>
			<Entry>Protected Audio Video Path (PAVP)</Entry>
			<Description>Enabled</Description>
		</Property>
		<Property>
			<Entry>Network Frame Forwarder (NFF)</Entry>
			<Description>Not Capable</Description>
		</Property>
		<Property>
			<Entry>Remote PC Assist (RPAT)</Entry>
			<Description>Enabled</Description>
		</Property>
		<Property>
			<Entry>IPV6</Entry>
			<Description>Disabled</Description>
		</Property>
		<Property>
			<Entry>KVM Remote Control</Entry>
			<Description>Disabled</Description>
		</Property>
		<Property>
			<Entry>Outbreak Containment Heuristic (OCH)</Entry>
			<Description>Disabled</Description>
		</Property>
		<Property>
			<Entry>Dynamic Application Loader (DAL)</Entry>
			<Description>Capable</Description>
		</Property>
		<Property>
			<Entry>Cipher Transport Layer (TLS)</Entry>
			<Description>Disabled</Description>
		</Property>
		<Property>
			<Entry>Wireless LAN (WLAN)</Entry>
			<Description>Disabled</Description>
		</Property>
		<Property>
			<Entry>Platform Trust Technology (PTT)</Entry>
			<Description>Enabled</Description>
		</Property>
		<Property>
			<Entry>Near Field Communication (NFC)</Entry>
			<Description>Disabled</Description>
		</Property>
		<Property>
			<Entry>Platform Target Usage Type</Entry>
			<Description>Mobile</Description>
		</Property>
		<Property>
			<Entry>SKU</Entry>
			<Description>Regular SKU</Description>
		</Property>
		<Property>
			<Entry>ME Firmware Image Type</Entry>
			<Description>Consumer SKU Firmware</Description>
		</Property>
		<Property>
			<Entry>Platform Brand</Entry>
			<Description>None</Description>
		</Property>
		<Property>
			<Entry>Host ME Region Flash Protection Override (HMRFPO) Status</Entry>
			<Description>Disabled</Description>
		</Property>
</SubNode>
</MOBO>
</SubNodes>
</COMPUTER>
</HWINFO>
