<?xml version="1.0"?>
<!DOCTYPE HWINFO SYSTEM "HWiNFO32log.dtd">
<HWINFO>

<COMPUTER>
	<NodeName>AMRUTHA</NodeName>
		<IconIndex>19</IconIndex>

		<ScanTime>11.04.2023 12:21</ScanTime>
		<Property>
			<Entry>Computer Name</Entry>
			<Description>AMRUTHA</Description>
		</Property>
		<Property>
			<Entry>Computer Description</Entry>
			<Description></Description>
		</Property>
		<Property>
			<Entry>Operating System</Entry>
			<Description>Microsoft Windows 11 Home Single Language (x64) Build 22621.1413</Description>
		</Property>
		<Property>
			<Entry>UEFI Boot</Entry>
			<Description>Present</Description>
		</Property>
		<Property>
			<Entry>Secure Boot</Entry>
			<Description>Enabled</Description>
		</Property>
		<Property>
			<Entry>Hypervisor-protected Code Integrity (HVCI)</Entry>
			<Description>Disabled</Description>
		</Property>
		<Property>
			<Entry>Current User Name</Entry>
			<Description>home</Description>
		</Property>
		<Property>
			<Entry>Virtual Machine Warning</Entry>
			<Description>Microsoft Hyper-V is active. Some results may not reflect real hardware !</Description>
		</Property>
<SubNodes>

<CPU>
	<NodeName>Central Processor(s)</NodeName>
		<IconIndex>20</IconIndex>

		<Property>
			<Entry>Number Of Processor Packages (Physical)</Entry>
			<Description>1</Description>
			<PropertyType>CPU_COUNT</PropertyType>
		</Property>
		<Property>
			<Entry>Number Of Processor Cores</Entry>
			<Description>4</Description>
			<PropertyType>CPU_COUNT</PropertyType>
		</Property>
		<Property>
			<Entry>Number Of Logical Processors</Entry>
			<Description>8</Description>
		</Property>
<SubNode>
	<NodeName>Intel Core i5-8265U</NodeName>
		<Property>
			<Entry>Processor Name</Entry>
			<Description>Intel Core i5-8265U</Description>
			<PropertyType>CPU_NAME</PropertyType>
		</Property>
		<Property>
			<Entry>Original Processor Frequency</Entry>
			<Description>1800.0 MHz</Description>
		</Property>
		<Property>
			<Entry>Original Processor Frequency [MHz]</Entry>
			<Description>1800</Description>
			<PropertyType>CPU_SPEED</PropertyType>
		</Property>
		<Property>
			<Entry>CPU ID</Entry>
			<Description>000806EC</Description>
		</Property>
		<Property>
			<Entry>CPU Brand Name</Entry>
			<Description>Intel(R) Core(TM) i5-8265U CPU @ 1.60GHz</Description>
		</Property>
		<Property>
			<Entry>CPU Vendor</Entry>
			<Description>GenuineIntel</Description>
		</Property>
		<Property>
			<Entry>CPU Stepping</Entry>
			<Description>V0</Description>
		</Property>
		<Property>
			<Entry>CPU Code Name</Entry>
			<Description>Whiskey Lake-U</Description>
		</Property>
		<Property>
			<Entry>CPU Technology</Entry>
			<Description>14 nm</Description>
		</Property>
		<Property>
			<Entry>CPU S-Spec</Entry>
			<Description>SRFA0, SRFA1, SRFFX, SRFFY, SRH7Q, SRH8C</Description>
		</Property>
		<Property>
			<Entry>CPU Thermal Design Power (TDP)</Entry>
			<Description>15.0 W</Description>
		</Property>
		<Property>
			<Entry>CPU Power Limits (Max)</Entry>
			<Description>Power = Unlimited, Time = Unlimited</Description>
		</Property>
		<Property>
			<Entry>CPU Power Limit 1 (Long Duration)/Processor Base Power (PBP)</Entry>
			<Description> (17.00 W) (28.00 sec) [Unlocked]</Description>
		</Property>
		<Property>
			<Entry>CPU Power Limit 2 (Short Duration)/Maximum Turbo Power (MTP)</Entry>
			<Description> (35.00 W) (2.44 ms) [Unlocked]</Description>
		</Property>
		<Property>
			<Entry>Configurable TDP Level 1 (Down)</Entry>
			<Description>10.00 W (Unlimited range), 800 MHz</Description>
		</Property>
		<Property>
			<Entry>Configurable TDP Level 2 (Up)</Entry>
			<Description>25.00 W (Unlimited range), 1800 MHz</Description>
		</Property>
		<Property>
			<Entry>Current Configurable TDP Level</Entry>
			<Description>Nominal (Legacy) [Unlocked]</Description>
		</Property>
		<Property>
			<Entry>CPU Max. Junction Temperature (Tj,max)</Entry>
			<Description>100 &#194;&#176;C</Description>
		</Property>
		<Property>
			<Entry>CPU Type</Entry>
			<Description>Production Unit</Description>
		</Property>
		<Property>
			<Entry>CPU Platform</Entry>
			<Description>BGA1528</Description>
		</Property>
		<Property>
			<Entry>Microcode Update Revision</Entry>
			<Description>DE</Description>
		</Property>
		<Property>
			<Entry>Number of CPU Cores</Entry>
			<Description>4</Description>
		</Property>
		<Property>
			<Entry>Number of Logical CPUs</Entry>
			<Description>8</Description>
		</Property>
		<Property>
			<Entry>CPU MFM (Low Power)</Entry>
			<Description>400.0 MHz = 4 x 100.0 MHz</Description>
		</Property>
		<Property>
			<Entry>CPU LFM (Minimum)</Entry>
			<Description>400.0 MHz = 4 x 100.0 MHz</Description>
		</Property>
		<Property>
			<Entry>CPU HFM (Base)</Entry>
			<Description>1800.0 MHz = 18 x 100.0 MHz</Description>
		</Property>
		<Property>
			<Entry>CPU Turbo Max</Entry>
			<Description>3900.0 MHz = 39 x 100.0 MHz [Unlocked]</Description>
		</Property>
		<Property>
			<Entry>Turbo Ratio Limits</Entry>
			<Description>39x (1c), 38x (2c), 37x (3-4c)</Description>
		</Property>
		<Property>
			<Entry>CPU Current</Entry>
			<Description>1495.3 MHz = 15 x 99.7 MHz @ 0.7122 V</Description>
		</Property>
		<Property>
			<Entry>LLC/Ring Maximum</Entry>
			<Description>3600.0 MHz = 36.00 x 100.0 MHz</Description>
		</Property>
		<Property>
			<Entry>LLC/Ring Current</Entry>
			<Description>1196.3 MHz = 12.00 x 99.7 MHz</Description>
		</Property>
		<Property>
			<Entry>System Agent Current</Entry>
			<Description>797.5 MHz = 8.00 x 99.7 MHz</Description>
		</Property>
		<Property>
			<Entry>CPU Bus Type</Entry>
			<Description>OPI</Description>
		</Property>
		<Property>
			<Entry>L1 Cache</Entry>
			<Description>Instruction: 4 x 32 KBytes, Data: 4 x 32 KBytes</Description>
		</Property>
		<Property>
			<Entry>L2 Cache</Entry>
			<Description>Integrated: 4 x 256 KBytes</Description>
		</Property>
		<Property>
			<Entry>L3 Cache</Entry>
			<Description>6 MBytes</Description>
		</Property>
		<Property>
			<Entry>Instruction TLB</Entry>
			<Description>2MB/4MB Pages, Fully associative, 8 entries</Description>
		</Property>
		<Property>
			<Entry>Data TLB</Entry>
			<Description>4 KB Pages, 4-way set associative, 64 entries</Description>
		</Property>
		<Property>
			<Entry>FPU on Chip</Entry>
			<Description>Present</Description>
		</Property>
		<Property>
			<Entry>Enhanced Virtual-86 Mode</Entry>
			<Description>Present</Description>
		</Property>
		<Property>
			<Entry>I/O Breakpoints</Entry>
			<Description>Present</Description>
		</Property>
		<Property>
			<Entry>Page Size Extensions</Entry>
			<Description>Present</Description>
		</Property>
		<Property>
			<Entry>Time Stamp Counter</Entry>
			<Description>Present</Description>
		</Property>
		<Property>
			<Entry>Pentium-style Model Specific Registers</Entry>
			<Description>Present</Description>
		</Property>
		<Property>
			<Entry>Physical Address Extension</Entry>
			<Description>Present</Description>
		</Property>
		<Property>
			<Entry>Machine Check Exception</Entry>
			<Description>Present</Description>
		</Property>
		<Property>
			<Entry>CMPXCHG8B Instruction</Entry>
			<Description>Present</Description>
		</Property>
		<Property>
			<Entry>APIC On Chip / PGE (AMD)</Entry>
			<Description>Present</Description>
		</Property>
		<Property>
			<Entry>Fast System Call</Entry>
			<Description>Present</Description>
		</Property>
		<Property>
			<Entry>Memory Type Range Registers</Entry>
			<Description>Present</Description>
		</Property>
		<Property>
			<Entry>Page Global Feature</Entry>
			<Description>Present</Description>
		</Property>
		<Property>
			<Entry>Machine Check Architecture</Entry>
			<Description>Present</Description>
		</Property>
		<Property>
			<Entry>CMOV Instruction</Entry>
			<Description>Present</Description>
		</Property>
		<Property>
			<Entry>Page Attribute Table</Entry>
			<Description>Present</Description>
		</Property>
		<Property>
			<Entry>36-bit Page Size Extensions</Entry>
			<Description>Present</Description>
		</Property>
		<Property>
			<Entry>Processor Number</Entry>
			<Description>Not Present</Description>
		</Property>
		<Property>
			<Entry>CLFLUSH Instruction</Entry>
			<Description>Present</Description>
		</Property>
		<Property>
			<Entry>Debug Trace and EMON Store</Entry>
			<Description>Present</Description>
		</Property>
		<Property>
			<Entry>Internal ACPI Support</Entry>
			<Description>Present</Description>
		</Property>
		<Property>
			<Entry>MMX Technology</Entry>
			<Description>Present</Description>
		</Property>
		<Property>
			<Entry>Fast FP Save/Restore (IA MMX-2)</Entry>
			<Description>Present</Description>
		</Property>
		<Property>
			<Entry>Streaming SIMD Extensions</Entry>
			<Description>Present</Description>
		</Property>
		<Property>
			<Entry>Streaming SIMD Extensions 2</Entry>
			<Description>Present</Description>
		</Property>
		<Property>
			<Entry>Self-Snoop</Entry>
			<Description>Present</Description>
		</Property>
		<Property>
			<Entry>Multi-Threading Capable</Entry>
			<Description>Present</Description>
		</Property>
		<Property>
			<Entry>Automatic Clock Control</Entry>
			<Description>Present</Description>
		</Property>
		<Property>
			<Entry>IA-64 Processor</Entry>
			<Description>Not Present</Description>
		</Property>
		<Property>
			<Entry>Signal Break on FERR</Entry>
			<Description>Present</Description>
		</Property>
		<Property>
			<Entry>Virtual Machine Extensions (VMX)</Entry>
			<Description>Not Present</Description>
		</Property>
		<Property>
			<Entry>Safer Mode Extensions (Intel TXT)</Entry>
			<Description>Not Present</Description>
		</Property>
		<Property>
			<Entry>Streaming SIMD Extensions 3</Entry>
			<Description>Present</Description>
		</Property>
		<Property>
			<Entry>Supplemental Streaming SIMD Extensions 3</Entry>
			<Description>Present</Description>
		</Property>
		<Property>
			<Entry>Streaming SIMD Extensions 4.1</Entry>
			<Description>Present</Description>
		</Property>
		<Property>
			<Entry>Streaming SIMD Extensions 4.2</Entry>
			<Description>Present</Description>
		</Property>
		<Property>
			<Entry>AVX Support</Entry>
			<Description>Present</Description>
		</Property>
		<Property>
			<Entry>Fused Multiply Add (FMA)</Entry>
			<Description>Present</Description>
		</Property>
		<Property>
			<Entry>Carryless Multiplication (PCLMULQDQ)/GFMUL</Entry>
			<Description>Present</Description>
		</Property>
		<Property>
			<Entry>CMPXCHG16B Support</Entry>
			<Description>Present</Description>
		</Property>
		<Property>
			<Entry>MOVBE Instruction</Entry>
			<Description>Present</Description>
		</Property>
		<Property>
			<Entry>POPCNT Instruction</Entry>
			<Description>Present</Description>
		</Property>
		<Property>
			<Entry>XSAVE/XRSTOR/XSETBV/XGETBV Instructions</Entry>
			<Description>Present</Description>
		</Property>
		<Property>
			<Entry>XGETBV/XSETBV OS Enabled</Entry>
			<Description>Present</Description>
		</Property>
		<Property>
			<Entry>Float16 Instructions</Entry>
			<Description>Present</Description>
		</Property>
		<Property>
			<Entry>AES Cryptography Support</Entry>
			<Description>Present</Description>
		</Property>
		<Property>
			<Entry>Random Number Read Instruction (RDRAND)</Entry>
			<Description>Present</Description>
		</Property>
		<Property>
			<Entry>Extended xAPIC</Entry>
			<Description>Present</Description>
		</Property>
		<Property>
			<Entry>MONITOR/MWAIT Support</Entry>
			<Description>Present</Description>
		</Property>
		<Property>
			<Entry>Thermal Monitor 2</Entry>
			<Description>Present</Description>
		</Property>
		<Property>
			<Entry>Enhanced SpeedStep Technology</Entry>
			<Description>Present</Description>
		</Property>
		<Property>
			<Entry>L1 Context ID</Entry>
			<Description>Not Present</Description>
		</Property>
		<Property>
			<Entry>Send Task Priority Messages Disabling</Entry>
			<Description>Present</Description>
		</Property>
		<Property>
			<Entry>Processor Context ID</Entry>
			<Description>Present</Description>
		</Property>
		<Property>
			<Entry>Direct Cache Access</Entry>
			<Description>Not Present</Description>
		</Property>
		<Property>
			<Entry>TSC-deadline Timer</Entry>
			<Description>Present</Description>
		</Property>
		<Property>
			<Entry>Performance/Debug Capability MSR</Entry>
			<Description>Present</Description>
		</Property>
		<Property>
			<Entry>IA32 Debug Interface Support</Entry>
			<Description>Not Present</Description>
		</Property>
		<Property>
			<Entry>64-Bit Debug Store</Entry>
			<Description>Present</Description>
		</Property>
		<Property>
			<Entry>CPL Qualified Debug Store</Entry>
			<Description>Not Present</Description>
		</Property>
		<Property>
			<Entry>64-bit Extensions</Entry>
			<Description>Present</Description>
		</Property>
		<Property>
			<Entry>RDTSCP and TSC_AUX Support</Entry>
			<Description>Present</Description>
		</Property>
		<Property>
			<Entry>1 GB large page support</Entry>
			<Description>Present</Description>
		</Property>
		<Property>
			<Entry>No Execute</Entry>
			<Description>Present</Description>
		</Property>
		<Property>
			<Entry>SYSCALL/SYSRET Support</Entry>
			<Description>Present</Description>
		</Property>
		<Property>
			<Entry>Bit Manipulation Instructions Set 1</Entry>
			<Description>Present</Description>
		</Property>
		<Property>
			<Entry>Bit Manipulation Instructions Set 2</Entry>
			<Description>Present</Description>
		</Property>
		<Property>
			<Entry>Advanced Vector Extensions 2 (AVX2)</Entry>
			<Description>Present</Description>
		</Property>
		<Property>
			<Entry>Advanced Vector Extensions 512 (AVX-512) Foundation</Entry>
			<Description>Not Present</Description>
		</Property>
		<Property>
			<Entry>AVX-512 Prefetch Instructions</Entry>
			<Description>Not Present</Description>
		</Property>
		<Property>
			<Entry>AVX-512 Exponential and Reciprocal Instructions</Entry>
			<Description>Not Present</Description>
		</Property>
		<Property>
			<Entry>AVX-512 Conflict Detection Instructions</Entry>
			<Description>Not Present</Description>
		</Property>
		<Property>
			<Entry>AVX-512 Doubleword and Quadword Instructions</Entry>
			<Description>Not Present</Description>
		</Property>
		<Property>
			<Entry>AVX-512 Byte and Word Instructions</Entry>
			<Description>Not Present</Description>
		</Property>
		<Property>
			<Entry>AVX-512 Vector Length Extensions</Entry>
			<Description>Not Present</Description>
		</Property>
		<Property>
			<Entry>AVX-512 52-bit Integer FMA Instructions</Entry>
			<Description>Not Present</Description>
		</Property>
		<Property>
			<Entry>Secure Hash Algorithm (SHA) Extensions</Entry>
			<Description>Not Present</Description>
		</Property>
		<Property>
			<Entry>Software Guard Extensions (SGX) Support</Entry>
			<Description>Not Present</Description>
		</Property>
		<Property>
			<Entry>Supervisor Mode Execution Protection (SMEP)</Entry>
			<Description>Present</Description>
		</Property>
		<Property>
			<Entry>Supervisor Mode Access Prevention (SMAP)</Entry>
			<Description>Present</Description>
		</Property>
		<Property>
			<Entry>Hardware Lock Elision (HLE)</Entry>
			<Description>Not Present</Description>
		</Property>
		<Property>
			<Entry>Restricted Transactional Memory (RTM)</Entry>
			<Description>Not Present</Description>
		</Property>
		<Property>
			<Entry>Memory Protection Extensions (MPX)</Entry>
			<Description>Present</Description>
		</Property>
		<Property>
			<Entry>Read/Write FS/GS Base Instructions</Entry>
			<Description>Present</Description>
		</Property>
		<Property>
			<Entry>Enhanced Performance String Instruction</Entry>
			<Description>Present</Description>
		</Property>
		<Property>
			<Entry>INVPCID Instruction</Entry>
			<Description>Present</Description>
		</Property>
		<Property>
			<Entry>RDSEED Instruction</Entry>
			<Description>Present</Description>
		</Property>
		<Property>
			<Entry>Multi-precision Add Carry Instructions (ADX)</Entry>
			<Description>Present</Description>
		</Property>
		<Property>
			<Entry>PCOMMIT Instructions</Entry>
			<Description>Not Present</Description>
		</Property>
		<Property>
			<Entry>CLFLUSHOPT Instructions</Entry>
			<Description>Present</Description>
		</Property>
		<Property>
			<Entry>CLWB Instructions</Entry>
			<Description>Not Present</Description>
		</Property>
		<Property>
			<Entry>TSC_THREAD_OFFSET</Entry>
			<Description>Not Present</Description>
		</Property>
		<Property>
			<Entry>Platform Quality of Service Monitoring (PQM)</Entry>
			<Description>Not Present</Description>
		</Property>
		<Property>
			<Entry>Platform Quality of Service Enforcement (PQE)</Entry>
			<Description>Not Present</Description>
		</Property>
		<Property>
			<Entry>FPU Data Pointer updated only on x87 Exceptions</Entry>
			<Description>Not Present</Description>
		</Property>
		<Property>
			<Entry>Deprecated FPU CS and FPU DS</Entry>
			<Description>Present</Description>
		</Property>
		<Property>
			<Entry>Intel Processor Trace</Entry>
			<Description>Not Present</Description>
		</Property>
		<Property>
			<Entry>PREFETCHWT1 Instruction</Entry>
			<Description>Not Present</Description>
		</Property>
		<Property>
			<Entry>AVX-512 Vector Bit Manipulation Instructions</Entry>
			<Description>Not Present</Description>
		</Property>
		<Property>
			<Entry>AVX-512 Vector Bit Manipulation Instructions 2</Entry>
			<Description>Not Present</Description>
		</Property>
		<Property>
			<Entry>AVX-512 Galois Fields New Instructions</Entry>
			<Description>Not Present</Description>
		</Property>
		<Property>
			<Entry>AVX-512 Vector AES</Entry>
			<Description>Not Present</Description>
		</Property>
		<Property>
			<Entry>AVX-512 Vector Neural Network Instructions</Entry>
			<Description>Not Present</Description>
		</Property>
		<Property>
			<Entry>AVX-512 Bit Algorithms</Entry>
			<Description>Not Present</Description>
		</Property>
		<Property>
			<Entry>AVX-512 Carry-Less Multiplication Quadword (VPCLMULQDQ)</Entry>
			<Description>Not Present</Description>
		</Property>
		<Property>
			<Entry>AVX-512 Vector POPCNT (VPOPCNTD/VPOPCNTQ)</Entry>
			<Description>Not Present</Description>
		</Property>
		<Property>
			<Entry>User-Mode Instruction Prevention</Entry>
			<Description>Not Present</Description>
		</Property>
		<Property>
			<Entry>Protection Keys for User-mode Pages</Entry>
			<Description>Not Present</Description>
		</Property>
		<Property>
			<Entry>OS Enabled Protection Keys</Entry>
			<Description>Not Present</Description>
		</Property>
		<Property>
			<Entry>Wait and Pause Enhancements (WAITPKG)</Entry>
			<Description>Not Present</Description>
		</Property>
		<Property>
			<Entry>Total Memory Encryption</Entry>
			<Description>Not Present</Description>
		</Property>
		<Property>
			<Entry>Key Locker</Entry>
			<Description>Not Present</Description>
		</Property>
		<Property>
			<Entry>57-bit Linear Addresses, 5-level Paging</Entry>
			<Description>Not Present</Description>
		</Property>
		<Property>
			<Entry>Read Processor ID</Entry>
			<Description>Not Present</Description>
		</Property>
		<Property>
			<Entry>Bus Lock Debug Exceptions</Entry>
			<Description>Not Present</Description>
		</Property>
		<Property>
			<Entry>Cache Line Demote</Entry>
			<Description>Not Present</Description>
		</Property>
		<Property>
			<Entry>MOVDIRI: Direct Stores</Entry>
			<Description>Not Present</Description>
		</Property>
		<Property>
			<Entry>MOVDIR64B: Direct Stores</Entry>
			<Description>Not Present</Description>
		</Property>
		<Property>
			<Entry>ENQCMD: Enqueue Stores</Entry>
			<Description>Not Present</Description>
		</Property>
		<Property>
			<Entry>SGX Launch Configuration</Entry>
			<Description>Not Present</Description>
		</Property>
		<Property>
			<Entry>Protection Keys for Supervisor-Mode Pages</Entry>
			<Description>Not Present</Description>
		</Property>
		<Property>
			<Entry>Control-Flow Enforcement Technology (CET) Shadow Stack</Entry>
			<Description>Not Present</Description>
		</Property>
		<Property>
			<Entry>AVX-512 4 x Vector Neural Network Instructions Word Variable Precision</Entry>
			<Description>Not Present</Description>
		</Property>
		<Property>
			<Entry>AVX-512 4 x Fused Multiply Accumulation Packed Single Precision</Entry>
			<Description>Not Present</Description>
		</Property>
		<Property>
			<Entry>Fast Short REP MOV</Entry>
			<Description>Not Present</Description>
		</Property>
		<Property>
			<Entry>User Interrupts</Entry>
			<Description>Not Present</Description>
		</Property>
		<Property>
			<Entry>AVX-512 VP2INTERSECT Support</Entry>
			<Description>Not Present</Description>
		</Property>
		<Property>
			<Entry>AVX-512 FP16</Entry>
			<Description>Not Present</Description>
		</Property>
		<Property>
			<Entry>MD_CLEAR Support</Entry>
			<Description>Present</Description>
		</Property>
		<Property>
			<Entry>Restricted Transactional Memory (RTM) Always Abort</Entry>
			<Description>Not Present</Description>
		</Property>
		<Property>
			<Entry>SERIALIZE</Entry>
			<Description>Not Present</Description>
		</Property>
		<Property>
			<Entry>Hybrid Processor</Entry>
			<Description>Not Present</Description>
		</Property>
		<Property>
			<Entry>TSX Suspend Load Address Tracking</Entry>
			<Description>Not Present</Description>
		</Property>
		<Property>
			<Entry>Platform Configuration (PCONFIG)</Entry>
			<Description>Not Present</Description>
		</Property>
		<Property>
			<Entry>Architectural LBRs</Entry>
			<Description>Not Present</Description>
		</Property>
		<Property>
			<Entry>Indirect Branch Restricted Speculation (IBRS), Indirect Branch Predictor Barrier (IBPB)</Entry>
			<Description>Present</Description>
		</Property>
		<Property>
			<Entry>Single Thread Indirect Branch Predictors (STIBP)</Entry>
			<Description>Present</Description>
		</Property>
		<Property>
			<Entry>L1D_FLUSH Support</Entry>
			<Description>Present</Description>
		</Property>
		<Property>
			<Entry>IA32_ARCH_CAPABILITIES MSR</Entry>
			<Description>Present</Description>
		</Property>
		<Property>
			<Entry>IA32_CORE_CAPABILITIES MSR</Entry>
			<Description>Not Present</Description>
		</Property>
		<Property>
			<Entry>Speculative Store Bypass Disable (SSBD)</Entry>
			<Description>Present</Description>
		</Property>
		<Property>
			<Entry>Control-Flow Enforcement Technology (CET) Indirect Branch Tracking</Entry>
			<Description>Not Present</Description>
		</Property>
		<Property>
			<Entry>Advanced Matrix Extensions (AMX) Tile Architecture</Entry>
			<Description>Not Present</Description>
		</Property>
		<Property>
			<Entry>Advanced Matrix Extensions (AMX) bfloat16 Support</Entry>
			<Description>Not Present</Description>
		</Property>
		<Property>
			<Entry>Advanced Matrix Extensions (AMX) 8-bit Integer Operations</Entry>
			<Description>Not Present</Description>
		</Property>
		<Property>
			<Entry>AVX (VEX-encoded) Vector Neural Network Instructions</Entry>
			<Description>Not Present</Description>
		</Property>
		<Property>
			<Entry>AVX-512 BFLOAT16 Instructions</Entry>
			<Description>Not Present</Description>
		</Property>
		<Property>
			<Entry>Fast Zero-Length MOVSB</Entry>
			<Description>Not Present</Description>
		</Property>
		<Property>
			<Entry>Fast Short STOSB</Entry>
			<Description>Not Present</Description>
		</Property>
		<Property>
			<Entry>Fast Short CMPSB, SCASB</Entry>
			<Description>Not Present</Description>
		</Property>
		<Property>
			<Entry>History Reset</Entry>
			<Description>Not Present</Description>
		</Property>
		<Property>
			<Entry>Linear Address Masking</Entry>
			<Description>Not Present</Description>
		</Property>
		<Property>
			<Entry>Protected Processor Inventory Number (IA32_PPIN) Support</Entry>
			<Description>Not Present</Description>
		</Property>
		<Property>
			<Entry>Rogue Data Cache Load (RDCL)</Entry>
			<Description>Not Susceptible</Description>
		</Property>
		<Property>
			<Entry>Speculative Store Bypass (SSB)</Entry>
			<Description>Susceptible</Description>
		</Property>
		<Property>
			<Entry>Microarchitectural Data Sampling (MDS)</Entry>
			<Description>Not Susceptible</Description>
		</Property>
		<Property>
			<Entry>MCE on modifying code page size without TLB invalidation</Entry>
			<Description>Susceptible</Description>
		</Property>
		<Property>
			<Entry>Transactional Asynchronous Abort (TAA)</Entry>
			<Description>Affected</Description>
		</Property>
		<Property>
			<Entry>Shared Buffers Data Read (SBDR), Sideband Stale Data Propagator (SSDP) Vulnerability</Entry>
			<Description>Affected</Description>
		</Property>
		<Property>
			<Entry>Fill Buffer Stale Data Propagator (FBSDP) Vulnerability</Entry>
			<Description>Affected</Description>
		</Property>
		<Property>
			<Entry>Primary Stale Data Propagator (PSDP) Vulnerability</Entry>
			<Description>Affected</Description>
		</Property>
		<Property>
			<Entry>Post-barrier Return Stack Buffer Predictions Vulnerability</Entry>
			<Description>Affected</Description>
		</Property>
		<Property>
			<Entry>Indirect Branch Restriction Speculation (IBRS)</Entry>
			<Description>Supported</Description>
		</Property>
		<Property>
			<Entry>RTM_DISABLE and TSX_CPUID_CLEAR</Entry>
			<Description>Not Supported</Description>
		</Property>
		<Property>
			<Entry>RSB Alternate</Entry>
			<Description>Supported</Description>
		</Property>
		<Property>
			<Entry>L1D Flush on VM Entry Not Needed</Entry>
			<Description>Supported</Description>
		</Property>
		<Property>
			<Entry>Data Operand Independent Timing Mode (DOITM)</Entry>
			<Description>Not Supported</Description>
		</Property>
		<Property>
			<Entry>Energy Filtering Control</Entry>
			<Description>Not Supported</Description>
		</Property>
		<Property>
			<Entry>Data Operand Independent Timing Mode</Entry>
			<Description>Not Supported</Description>
		</Property>
		<Property>
			<Entry>RRSBA Alternate Prediction Behavior</Entry>
			<Description>Not Supported</Description>
		</Property>
		<Property>
			<Entry>BHI_NO Branch Prediction Behavior</Entry>
			<Description>Not Supported</Description>
		</Property>
		<Property>
			<Entry>MCU Extended Servicing</Entry>
			<Description>Not Supported</Description>
		</Property>
		<Property>
			<Entry>Thermal Monitor 1</Entry>
			<Description>Supported, Enabled</Description>
		</Property>
		<Property>
			<Entry>Thermal Monitor 2</Entry>
			<Description>Supported, Enabled</Description>
		</Property>
		<Property>
			<Entry>Enhanced Intel SpeedStep (GV3)</Entry>
			<Description>Supported, Enabled</Description>
		</Property>
		<Property>
			<Entry>Bi-directional PROCHOT#</Entry>
			<Description>Enabled</Description>
		</Property>
		<Property>
			<Entry>Extended Auto-HALT State C1E</Entry>
			<Description>Enabled</Description>
		</Property>
		<Property>
			<Entry>MLC Streamer Prefetcher</Entry>
			<Description>Supported, Enabled</Description>
		</Property>
		<Property>
			<Entry>MLC Spatial Prefetcher</Entry>
			<Description>Supported, Enabled</Description>
		</Property>
		<Property>
			<Entry>DCU Streamer Prefetcher</Entry>
			<Description>Supported, Enabled</Description>
		</Property>
		<Property>
			<Entry>DCU IP Prefetcher</Entry>
			<Description>Supported, Enabled</Description>
		</Property>
		<Property>
			<Entry>Intel Dynamic Acceleration (IDA) Technology</Entry>
			<Description>Not Supported</Description>
		</Property>
		<Property>
			<Entry>Intel Dynamic FSB Switching</Entry>
			<Description>Not Supported</Description>
		</Property>
		<Property>
			<Entry>Intel Turbo Boost Technology</Entry>
			<Description>Supported, Enabled</Description>
		</Property>
		<Property>
			<Entry>Programmable Ratio Limits</Entry>
			<Description>Supported, Disabled</Description>
		</Property>
		<Property>
			<Entry>Programmable TDC/TDP Limits</Entry>
			<Description>Supported, Disabled</Description>
		</Property>
		<Property>
			<Entry>Hardware Duty Cycling</Entry>
			<Description>Not Supported</Description>
		</Property>
		<Property>
			<Entry>Intel Speed Select</Entry>
			<Description>Not Supported</Description>
		</Property>
		<Property>
			<Entry>Display HD Audio</Entry>
			<Description>Supported</Description>
		</Property>
		<Property>
			<Entry>DMI x4 Width</Entry>
			<Description>Supported</Description>
		</Property>
		<Property>
			<Entry>DRAM ECC</Entry>
			<Description>Not Supported</Description>
		</Property>
		<Property>
			<Entry>VT-d</Entry>
			<Description>Supported</Description>
		</Property>
		<Property>
			<Entry>DMI in Gen2 Mode</Entry>
			<Description>Not Supported</Description>
		</Property>
		<Property>
			<Entry>PEG in Gen2 Mode</Entry>
			<Description>Not Supported</Description>
		</Property>
		<Property>
			<Entry>1N Mode DDR Timings</Entry>
			<Description>Supported</Description>
		</Property>
		<Property>
			<Entry>Camarillo (DTT) Device</Entry>
			<Description>Supported</Description>
		</Property>
		<Property>
			<Entry>2 DIMMs per Channel</Entry>
			<Description>Not Supported</Description>
		</Property>
		<Property>
			<Entry>X2APIC</Entry>
			<Description>Supported</Description>
		</Property>
		<Property>
			<Entry>Dual Memory Channel</Entry>
			<Description>Supported</Description>
		</Property>
		<Property>
			<Entry>Integrated GPU (IGD)</Entry>
			<Description>Enabled</Description>
		</Property>
		<Property>
			<Entry>DDR Overclocking</Entry>
			<Description>Disabled</Description>
		</Property>
		<Property>
			<Entry>Overclocking by DSKU</Entry>
			<Description>Disabled</Description>
		</Property>
		<Property>
			<Entry>DDR3L</Entry>
			<Description>Supported</Description>
		</Property>
		<Property>
			<Entry>Maximum Memory Size per Channel</Entry>
			<Description>64 GB (unlimited)</Description>
		</Property>
		<Property>
			<Entry>DDR Frequency Support (100 MHz RefClk)</Entry>
			<Description>Not Supported</Description>
		</Property>
		<Property>
			<Entry>Overclocking</Entry>
			<Description>Disabled</Description>
		</Property>
		<Property>
			<Entry>Hyper-Threading (SMT)</Entry>
			<Description>Supported</Description>
		</Property>
		<Property>
			<Entry>Additive Graphics</Entry>
			<Description>Supported</Description>
		</Property>
		<Property>
			<Entry>Additive Graphics</Entry>
			<Description>Disabled</Description>
		</Property>
		<Property>
			<Entry>PCIe Gen 3</Entry>
			<Description>Not Supported</Description>
		</Property>
		<Property>
			<Entry>DMI Gen 3</Entry>
			<Description>Not Supported</Description>
		</Property>
		<Property>
			<Entry>HDCP</Entry>
			<Description>Supported</Description>
		</Property>
		<Property>
			<Entry>DDR4</Entry>
			<Description>Supported</Description>
		</Property>
		<Property>
			<Entry>LPDDR3</Entry>
			<Description>Supported</Description>
		</Property>
		<Property>
			<Entry>BCLK OC Limit</Entry>
			<Description>100 MHz</Description>
		</Property>
		<Property>
			<Entry>Maximum Supported LPDDR3 Frequency</Entry>
			<Description>1067 MHz</Description>
		</Property>
		<Property>
			<Entry>Maximum Supported DDR4 Frequency</Entry>
			<Description>1200 MHz</Description>
		</Property>
		<Property>
			<Entry>VCC VR</Entry>
			<Description>Richtek (0x21), IMVP8</Description>
		</Property>
		<Property>
			<Entry>VR Thermal Sensor</Entry>
			<Description>Not Supported</Description>
		</Property>
		<Property>
			<Entry>Maximum Physical Address Size</Entry>
			<Description>39-bit (512 GBytes)</Description>
		</Property>
		<Property>
			<Entry>Maximum Virtual Address Size</Entry>
			<Description>48-bit (256 TBytes)</Description>
		</Property>
		<Property>
			<Entry>Range 80000000-100000000 (2048MB-4096MB) Type</Entry>
			<Description>Uncacheable (UC)</Description>
		</Property>
		<Property>
			<Entry>Range 7E000000-80000000 (2016MB-2048MB) Type</Entry>
			<Description>Uncacheable (UC)</Description>
		</Property>
		<Property>
			<Entry>Range 7D000000-7E000000 (2000MB-2016MB) Type</Entry>
			<Description>Uncacheable (UC)</Description>
		</Property>
		<Property>
			<Entry>Range 2000000000-4000000000 (131072MB-262144MB) Type</Entry>
			<Description>Uncacheable (UC)</Description>
		</Property>
		<Property>
			<Entry>Range 1000000000-2000000000 (65536MB-131072MB) Type</Entry>
			<Description>Uncacheable (UC)</Description>
		</Property>
		<Property>
			<Entry>Range 800000000-1000000000 (32768MB-65536MB) Type</Entry>
			<Description>Uncacheable (UC)</Description>
		</Property>
		<Property>
			<Entry>Range 400000000-800000000 (16384MB-32768MB) Type</Entry>
			<Description>Uncacheable (UC)</Description>
		</Property>
		<Property>
			<Entry>Range 4000000000-8000000000 (262144MB-524288MB) Type</Entry>
			<Description>Uncacheable (UC)</Description>
		</Property>
</SubNode>
</CPU>
</SubNodes>
</COMPUTER>
</HWINFO>
