<?xml version="1.0"?>
<!DOCTYPE HWINFO SYSTEM "HWiNFO32log.dtd">
<HWINFO>

<COMPUTER>
	<NodeName>AMRUTHA</NodeName>
		<IconIndex>19</IconIndex>

		<ScanTime>11.04.2023 16:03</ScanTime>
<SubNodes>

<VIDEO>
	<NodeName>Video Adapter</NodeName>
		<IconIndex>35</IconIndex>

<SubNode>
	<NodeName>Intel UHD Graphics 620</NodeName>
		<Property>
			<Entry>Video Chipset</Entry>
			<Description>Intel UHD Graphics 620</Description>
			<PropertyType>GFXCARD_CHIPSET</PropertyType>
		</Property>
		<Property>
			<Entry>Video Chipset Codename</Entry>
			<Description>Whiskey Lake-U GT2</Description>
		</Property>
		<Property>
			<Entry>Video Memory</Entry>
			<Description>1024 MBytes</Description>
		</Property>
		<Property>
			<Entry>Video Card</Entry>
			<Description>Intel UHD Graphics 620 (Whiskey Lake-U GT2) [Hewlett-Packard]</Description>
			<PropertyType>GFXCARD</PropertyType>
		</Property>
		<Property>
			<Entry>Video Bus</Entry>
			<Description>Integrated</Description>
		</Property>
		<Property>
			<Entry>Video RAMDAC</Entry>
			<Description>Internal</Description>
		</Property>
		<Property>
			<Entry>Graphics Processor Clock</Entry>
			<Description>303.1 MHz</Description>
		</Property>
		<Property>
			<Entry>Graphics Memory Clock</Entry>
			<Description>1212.0 MHz</Description>
		</Property>
		<Property>
			<Entry>Resizable BAR (ReBAR) Support</Entry>
			<Description>Not Supported</Description>
		</Property>
		<Property>
			<Entry>Hardware ID</Entry>
			<Description>PCI\VEN_8086&amp;DEV_3EA0&amp;SUBSYS_8532103C&amp;REV_02</Description>
		</Property>
		<Property>
			<Entry>PCI Location (Bus:Dev:Fnc)</Entry>
			<Description>0:02:0</Description>
		</Property>
		<Property>
			<Entry>Driver Manufacturer</Entry>
			<Description>Intel Corporation</Description>
		</Property>
		<Property>
			<Entry>Driver Description</Entry>
			<Description>Intel(R) UHD Graphics 620</Description>
		</Property>
		<Property>
			<Entry>Driver Provider</Entry>
			<Description>Intel Corporation</Description>
		</Property>
		<Property>
			<Entry>Driver Version</Entry>
			<Description>27.20.100.8935</Description>
		</Property>
		<Property>
			<Entry>Driver Date</Entry>
			<Description>28-Oct-2020</Description>
		</Property>
		<Property>
			<Entry>DCH/UWD Driver</Entry>
			<Description>Capable</Description>
		</Property>
		<Property>
			<Entry>DeviceInstanceId</Entry>
			<Description>PCI\VEN_8086&amp;DEV_3EA0&amp;SUBSYS_8532103C&amp;REV_02\3&amp;11583659&amp;2&amp;10</Description>
			<PropertyType>DeviceInstanceId</PropertyType>
		</Property>
		<Property>
			<Entry>Location Paths</Entry>
			<Description>PCIROOT(0)#PCI(0200)</Description>
		</Property>
</SubNode>
</VIDEO>
</SubNodes>
</COMPUTER>
</HWINFO>
